
INSERT INTO resource (resource_name, resource_category) VALUES ('Cheese "Young Parmesan"', 'cheese');
INSERT INTO resource (resource_name, resource_category) VALUES ('Cheese "Cheddar"', 'cheese');
INSERT INTO resource (resource_name, resource_category) VALUES ('Cheese "Manchester"', 'cheese');
INSERT INTO resource (resource_name, resource_category) VALUES ('Cheese "Suluguni"', 'cheese');
INSERT INTO resource (resource_name, resource_category) VALUES ('Cheese "Mologa"', 'cheese');
INSERT INTO resource (resource_name, resource_category) VALUES ('Cheese "Russian"', 'cheese');
INSERT INTO resource (resource_name, resource_category) VALUES ('Cheese "Adyghe" light', 'cheese');
INSERT INTO resource (resource_name, resource_category) VALUES ('Cheese "Grunberger", 180g', 'cheese');
INSERT INTO resource (resource_name, resource_category) VALUES ('Cheese "Creamy", 350g', 'cheese');
INSERT INTO resource (resource_name, resource_category) VALUES ('Cheese "Parmesan" 2 months 200g', 'cheese');
INSERT INTO resource (resource_name, resource_category) VALUES ('Cheese "Camembert" with black truffle, 125 g', 'cheese');
INSERT INTO resource (resource_name, resource_category) VALUES ('Cheese with white mold "Camembert Traditional", 150 g', 'cheese');
INSERT INTO resource (resource_name, resource_category) VALUES ('Cheese soft with blue mold "Blue Cheese", 140 g', 'cheese');
INSERT INTO resource (resource_name, resource_category) VALUES ('Cheese "Strachatella", 200 g', 'cheese');
INSERT INTO resource (resource_name, resource_category) VALUES ('Cheese soft with white mold "Camembert" 150 g', 'cheese');
INSERT INTO resource (resource_name, resource_category) VALUES ('Cheese cottage cheese "Goat", 140 g', 'cheese');
INSERT INTO resource (resource_name, resource_category) VALUES ('Cheese processed smoked sausage, 400 g', 'cheese');
INSERT INTO resource (resource_name, resource_category) VALUES ('Cheese "Grand Prix", 200g', 'cheese');
INSERT INTO resource (resource_name, resource_category) VALUES ('Cheese "Mozzarella for pizza" soft, 250 g', 'cheese');
INSERT INTO resource (resource_name, resource_category) VALUES ('Cheese with blue noble mold, 100 g', 'cheese');
INSERT INTO resource (resource_name, resource_category) VALUES ('Cheese "Maasdam" sliced, 150g', 'cheese');
INSERT INTO resource (resource_name, resource_category) VALUES ('Cheese soft "Cream Cheese", 200 g', 'cheese');
INSERT INTO resource (resource_name, resource_category) VALUES ('Cheese "Russian" sliced, 150g', 'cheese');
INSERT INTO resource (resource_name, resource_category) VALUES ('Cheese "Poshekhonsky", 200 g', 'cheese');
INSERT INTO resource (resource_name, resource_category) VALUES ('Cheese cottage cheese "Vkusvill", 140 g', 'cheese');
INSERT INTO resource (resource_name, resource_category) VALUES ('Cheese "Burrata", 150 g', 'cheese');
INSERT INTO resource (resource_name, resource_category) VALUES ('Cheese "Dutch" sliced, 150g', 'cheese');
INSERT INTO resource (resource_name, resource_category) VALUES ('Cheese "Mozzarella" for children, 120 g', 'cheese');
INSERT INTO resource (resource_name, resource_category) VALUES ('Cheese with blue mold "Royal Cheese", 100 g', 'cheese');
INSERT INTO resource (resource_name, resource_category) VALUES ('Cheese "Parmesan" baby, 100g', 'cheese');
INSERT INTO resource (resource_name, resource_category) VALUES ('Coffee "Ethiopia" in beans', 'coffee');
INSERT INTO resource (resource_name, resource_category) VALUES ('Coffee "Cuba" roasted ground', 'coffee');
INSERT INTO resource (resource_name, resource_category) VALUES ('Coffee "Brazil" in beans', 'coffee');
INSERT INTO resource (resource_name, resource_category) VALUES ('Roasted ground coffee', 'coffee');
INSERT INTO resource (resource_name, resource_category) VALUES ('Coffee "Medium" in capsules', 'coffee');
INSERT INTO resource (resource_name, resource_category) VALUES ('Coffee "Viennese" ground', 'coffee');
INSERT INTO resource (resource_name, resource_category) VALUES ('Tea "Mango Oolong"', 'tea');
INSERT INTO resource (resource_name, resource_category) VALUES ('Coffee natural instant sublimated', 'coffee');
INSERT INTO resource (resource_name, resource_category) VALUES ('Tea "Earl Gray" black loose leaves in bags', 'tea');
INSERT INTO resource (resource_name, resource_category) VALUES ('Black tea with thyme in pyramids', 'tea');
INSERT INTO resource (resource_name, resource_category) VALUES ('Buckwheat tea drink, 75 g', 'herbal_drink');
INSERT INTO resource (resource_name, resource_category) VALUES ('Ivan tea with sea buckthorn', 'herbal_drink');
INSERT INTO resource (resource_name, resource_category) VALUES ('Drink "Matcha Latte" instant', 'herbal_drink');
INSERT INTO resource (resource_name, resource_category) VALUES ('Tea black "Ceylon" leaf', 'tea');
INSERT INTO resource (resource_name, resource_category) VALUES ('Hot chocolate "Bombochka" with marshmallows', 'shoko_coco');
INSERT INTO resource (resource_name, resource_category) VALUES ('Tea drink "Buckwheat"', 'herbal_drink');
INSERT INTO resource (resource_name, resource_category) VALUES ('Herbal tea bags', 'herbal_drink');
INSERT INTO resource (resource_name, resource_category) VALUES ('Instant cocoa drink', 'shoko_coco');
INSERT INTO resource (resource_name, resource_category) VALUES ('Ivan tea with strawberries', 'herbal_drink');
INSERT INTO resource (resource_name, resource_category) VALUES ('Cocoa powder', 'shoko_coco');
INSERT INTO resource (resource_name, resource_category) VALUES ('Black tea with chamomile and oregano in bags', 'tea');
INSERT INTO resource (resource_name, resource_category) VALUES ('Black tea with mint and calendula in bags', 'tea');
INSERT INTO resource (resource_name, resource_category) VALUES ('Chicory instant powder', 'herbal_drink');
INSERT INTO resource (resource_name, resource_category) VALUES ('Black tea in bags', 'tea');
INSERT INTO resource (resource_name, resource_category) VALUES ('Tea drink "Ginger" with lemon zest', 'herbal_drink');
INSERT INTO resource (resource_name, resource_category) VALUES ('Green tea bags', 'tea');
INSERT INTO resource (resource_name, resource_category) VALUES ('Chamomile for brewing, in sachets', 'herbal_drink');
INSERT INTO resource (resource_name, resource_category) VALUES ('Tea drink "Mint-chamomile-thyme", bags', 'herbal_drink');
INSERT INTO resource (resource_name, resource_category) VALUES ('Instant drink "Green matcha latte"', 'herbal_drink');
INSERT INTO resource (resource_name, resource_category) VALUES ('Cocoa drink "Chocolate"', 'shoko_coco');
INSERT INTO resource (resource_name, resource_category) VALUES ('Cake home "Napoleon"', 'sweets');
INSERT INTO resource (resource_name, resource_category) VALUES ('Cake "Montblanc"', 'sweets');
INSERT INTO resource (resource_name, resource_category) VALUES ('Cake "Passionfruit"', 'sweets');
INSERT INTO resource (resource_name, resource_category) VALUES ('Pistachio roll with raspberries', 'sweets');
INSERT INTO resource (resource_name, resource_category) VALUES ('Cookies "Shariki" with boiled condensed milk, 420 g', 'sweets');
INSERT INTO resource (resource_name, resource_category) VALUES ('Meringue roll "Mango-passion fruit"', 'sweets');
INSERT INTO resource (resource_name, resource_category) VALUES ('Cake "Tasty"', 'sweets');
INSERT INTO resource (resource_name, resource_category) VALUES ('Biscuit roll', 'sweets');
INSERT INTO resource (resource_name, resource_category) VALUES ('Cake "Honey cake "Traditional"', 'sweets');
INSERT INTO resource (resource_name, resource_category) VALUES ('Baba', 'sweets');
INSERT INTO resource (resource_name, resource_category) VALUES ('Cakes "Ant balls"', 'sweets');
INSERT INTO resource (resource_name, resource_category) VALUES ('Hot chocolate "Bombochka" with marshmallows', 'sweets');
INSERT INTO resource (resource_name, resource_category) VALUES ('Wafer rolls with boiled condensed milk', 'sweets');
INSERT INTO resource (resource_name, resource_category) VALUES ('Eclair "Vanilla"', 'sweets');
INSERT INTO resource (resource_name, resource_category) VALUES ('Panna cotta "Mango-passion fruit" without ext. Sahara', 'sweets');
INSERT INTO resource (resource_name, resource_category) VALUES ('Milk dessert "Napoleon"', 'sweets');
INSERT INTO resource (resource_name, resource_category) VALUES ('Oatmeal cookies "Classic"', 'sweets');
INSERT INTO resource (resource_name, resource_category) VALUES ('Cake "Potato" sprinkled', 'sweets');
INSERT INTO resource (resource_name, resource_category) VALUES ('Wafer rolls (without filling)', 'sweets');
INSERT INTO resource (resource_name, resource_category) VALUES ('Chocolate bitter 58%', 'sweets');
INSERT INTO resource (resource_name, resource_category) VALUES ('Milk chocolate', 'sweets');
INSERT INTO resource (resource_name, resource_category) VALUES ('Tubes with protein cream', 'sweets');
INSERT INTO resource (resource_name, resource_category) VALUES ('Popsicle vanilla ice cream in milk chocolate', 'sweets');
INSERT INTO resource (resource_name, resource_category) VALUES ('Wafers with cocoa', 'sweets');
INSERT INTO resource (resource_name, resource_category) VALUES ('Wafers "Dutch" with milk caramel', 'sweets');
INSERT INTO resource (resource_name, resource_category) VALUES ('Vanilla ice cream in whipped glaze', 'sweets');
INSERT INTO resource (resource_name, resource_category) VALUES ('Ice cream ice cream in a waffle cup', 'sweets');
INSERT INTO resource (resource_name, resource_category) VALUES ('Layered dessert with fruit juice', 'sweets');
INSERT INTO resource (resource_name, resource_category) VALUES ('Chocolate Mix Cake', 'sweets');
INSERT INTO resource (resource_name, resource_category) VALUES ('Chocolate pancake cake', 'sweets');
INSERT INTO resource (resource_name, resource_category) VALUES ('Eclair "Classic"', 'sweets');
INSERT INTO resource (resource_name, resource_category) VALUES ('Banana Nut Cake', 'sweets');
INSERT INTO resource (resource_name, resource_category) VALUES ('Ice cream "Salted caramel"', 'sweets');
INSERT INTO resource (resource_name, resource_category) VALUES ('Pomelo', 'citrus');
INSERT INTO resource (resource_name, resource_category) VALUES ('Selected tangerines', 'citrus');
INSERT INTO resource (resource_name, resource_category) VALUES ('Tangerines Moorcott', 'citrus');
INSERT INTO resource (resource_name, resource_category) VALUES ('Morocco oranges', 'citrus');
INSERT INTO resource (resource_name, resource_category) VALUES ('Grapefruit', 'citrus');
INSERT INTO resource (resource_name, resource_category) VALUES ('Tangerines Khatai sweet', 'citrus');
INSERT INTO resource (resource_name, resource_category) VALUES ('Mandarins new harvest Satsuma Lavka Vkusa, 700 g', 'citrus');
INSERT INTO resource (resource_name, resource_category) VALUES ('Oranges are large', 'citrus');
INSERT INTO resource (resource_name, resource_category) VALUES ('Lemons Uzbekistan Lavka Vkusa, 2 pcs', 'citrus');
INSERT INTO resource (resource_name, resource_category) VALUES ('Oranges Navelin', 'citrus');
INSERT INTO resource (resource_name, resource_category) VALUES ('orange juice', 'citrus');
INSERT INTO resource (resource_name, resource_category) VALUES ('Lime, 200 g', 'citrus');
INSERT INTO resource (resource_name, resource_category) VALUES ('Kumquat, 150 gr', 'citrus');
INSERT INTO resource (resource_name, resource_category) VALUES ('Tangerines', 'citrus');
INSERT INTO resource (resource_name, resource_category) VALUES ('Tangerines Murcott Morocco Lavka Vkusa, 450 g', 'citrus');
INSERT INTO resource (resource_name, resource_category) VALUES ('Lemons', 'citrus');
INSERT INTO resource (resource_name, resource_category) VALUES ('Lemons Uzbekistan, 200 gr', 'citrus');
INSERT INTO resource (resource_name, resource_category) VALUES ('Oranges', 'citrus');
INSERT INTO resource (resource_name, resource_category) VALUES ('Lemons, 300 g', 'citrus');
INSERT INTO resource (resource_name, resource_category) VALUES ('Lemons Uzbekistan', 'citrus');
INSERT INTO resource (resource_name, resource_category) VALUES ('Oranges Kara-Kara', 'citrus');
INSERT INTO resource (resource_name, resource_category) VALUES ('Tangerines mini, 500 g', 'citrus');
INSERT INTO resource (resource_name, resource_category) VALUES ('Pomelo mini', 'citrus');
INSERT INTO resource (resource_name, resource_category) VALUES ('Tangerines Clemengold', 'citrus');
INSERT INTO resource (resource_name, resource_category) VALUES ('Oranges are red', 'citrus');
INSERT INTO resource (resource_name, resource_category) VALUES ('Tangerines Clementine', 'citrus');
INSERT INTO resource (resource_name, resource_category) VALUES ('Tangerines Nadorcott', 'citrus');
INSERT INTO resource (resource_name, resource_category) VALUES ('Tangerines Izmir', 'citrus');
INSERT INTO resource (resource_name, resource_category) VALUES ('Lemons Abkhazia, 300 g', 'citrus');
INSERT INTO resource (resource_name, resource_category) VALUES ('Oranges Kara-Kara, 3 pcs', 'citrus');
INSERT INTO resource (resource_name, resource_category) VALUES ('Tangerines Murcott, 600 g', 'citrus');
INSERT INTO resource (resource_name, resource_category) VALUES ('Pomelo red', 'citrus');
INSERT INTO resource (resource_name, resource_category) VALUES ('Tangerines Egypt', 'citrus');
INSERT INTO resource (resource_name, resource_category) VALUES ('Baby tangerines, 250 g', 'citrus');

INSERT INTO image (gid, image_src) VALUES ('1', '/cheese/23c49e1b-2736-4261-9c20-f3a8cdb190ed.webp');
INSERT INTO image (gid, image_src) VALUES ('2', '/cheese/2263132a-f1ff-4e99-b4d9-23b7cf5de83a.webp');
INSERT INTO image (gid, image_src) VALUES ('3', '/cheese/75a3e5b8-b86f-47c1-9e37-be35a5346ce9.webp');
INSERT INTO image (gid, image_src) VALUES ('4', '/cheese/0da1e020-9479-4a50-954d-b889006af22a.webp');
INSERT INTO image (gid, image_src) VALUES ('5', '/cheese/729054ee-1790-4226-8345-072e2102c561.webp');
INSERT INTO image (gid, image_src) VALUES ('6', '/cheese/ce643a21-74b6-4f96-b29e-574c03c0fba5.webp');
INSERT INTO image (gid, image_src) VALUES ('7', '/cheese/265ee667-1221-4529-833d-69a3f2d850f8.webp');
INSERT INTO image (gid, image_src) VALUES ('8', '/cheese/f178dd5d-038f-4821-94bd-20043809334d.webp');
INSERT INTO image (gid, image_src) VALUES ('9', '/cheese/e0ce43cc-45d8-4aac-8a2c-5e4ddb4f743e.webp');
INSERT INTO image (gid, image_src) VALUES ('10', '/cheese/ae2964a5-5f62-4099-8f7e-da77f997d4b2.webp');
INSERT INTO image (gid, image_src) VALUES ('11', '/cheese/86670b90-f2c7-49dd-9e3a-b3001e2ace82.webp');
INSERT INTO image (gid, image_src) VALUES ('12', '/cheese/0ec2f83c-66e0-4bed-9335-d2d42db191bd.jpg');
INSERT INTO image (gid, image_src) VALUES ('13', '/cheese/0e0c2fee-9aad-48a1-b32c-66d295ed4bfa.webp');
INSERT INTO image (gid, image_src) VALUES ('14', '/cheese/aa2f4e97-c1e9-45d7-8a8c-fbd86c3749de.webp');
INSERT INTO image (gid, image_src) VALUES ('15', '/cheese/a0ab3846-9b59-4f34-8e36-14708da3807a.webp');
INSERT INTO image (gid, image_src) VALUES ('16', '/cheese/ae1f98b3-882b-4d22-b3e1-1790478be228.webp');
INSERT INTO image (gid, image_src) VALUES ('17', '/cheese/e24092d7-f258-4951-8d74-b0195f50fff3.webp');
INSERT INTO image (gid, image_src) VALUES ('18', '/cheese/8d94df7c-ec2f-4733-895b-80496da491bb.webp');
INSERT INTO image (gid, image_src) VALUES ('19', '/cheese/b7c087d8-b16b-40f2-a723-f8ee0b396ae2.webp');
INSERT INTO image (gid, image_src) VALUES ('20', '/cheese/39aa40c1-bd49-4499-bdc8-9016947e5999.webp');
INSERT INTO image (gid, image_src) VALUES ('21', '/cheese/a264e0f9-3cfd-4020-ae70-773a6e31deea.webp');
INSERT INTO image (gid, image_src) VALUES ('22', '/cheese/7d975af3-c686-4b84-b1be-2f937422c992.jpg');
INSERT INTO image (gid, image_src) VALUES ('23', '/cheese/6ac649ca-1531-4920-922e-bb9fa055b4ef.webp');
INSERT INTO image (gid, image_src) VALUES ('24', '/cheese/927ad005-605c-4edd-9a50-3c8ccd8a947b.webp');
INSERT INTO image (gid, image_src) VALUES ('25', '/cheese/5ff4c671-ff6b-4465-adba-43d7c5b8d729.webp');
INSERT INTO image (gid, image_src) VALUES ('26', '/cheese/b72acd45-7412-49b1-952f-fac651317a41.webp');
INSERT INTO image (gid, image_src) VALUES ('27', '/cheese/07eedb0c-2f49-48d8-a08f-255c5a888c12.webp');
INSERT INTO image (gid, image_src) VALUES ('28', '/cheese/ae023b60-4177-42f8-91c4-e143a1f394c8.webp');
INSERT INTO image (gid, image_src) VALUES ('29', '/cheese/12c0a3b7-d894-4545-af50-03c4f421c370.webp');
INSERT INTO image (gid, image_src) VALUES ('30', '/cheese/b30aa383-09fc-408b-a445-edb125fe4070.webp');
INSERT INTO image (gid, image_src) VALUES ('31', '/brewdrink/3c24bb46-8c80-4500-842e-8582692b1faf.webp');
INSERT INTO image (gid, image_src) VALUES ('32', '/brewdrink/b6af14b8-c957-4103-bcbc-5a98c1eaddd9.webp');
INSERT INTO image (gid, image_src) VALUES ('33', '/brewdrink/7760e75c-a1be-455d-bf04-05fb8f8b7318.webp');
INSERT INTO image (gid, image_src) VALUES ('34', '/brewdrink/40f34d29-0db2-4189-8986-b1a45ae0799f.webp');
INSERT INTO image (gid, image_src) VALUES ('35', '/brewdrink/66d612dd-0e3a-454c-8dee-78796d2aad1b.webp');
INSERT INTO image (gid, image_src) VALUES ('36', '/brewdrink/e4a24c0c-e7ec-4bb3-bbdc-07d74c065728.webp');
INSERT INTO image (gid, image_src) VALUES ('37', '/brewdrink/e2b47052-4452-4f3b-ab12-959241c1ab95.webp');
INSERT INTO image (gid, image_src) VALUES ('38', '/brewdrink/2f99463d-f925-4a5b-acc5-72c210ed77c1.webp');
INSERT INTO image (gid, image_src) VALUES ('39', '/brewdrink/560e9ef5-cd61-4156-9658-c2f84522e0e1.webp');
INSERT INTO image (gid, image_src) VALUES ('40', '/brewdrink/d0a71344-4838-42af-803a-e0d7393ee57b.webp');
INSERT INTO image (gid, image_src) VALUES ('41', '/brewdrink/3a3c6996-da08-4b08-841c-ce9262bba2f6.webp');
INSERT INTO image (gid, image_src) VALUES ('42', '/brewdrink/60d1188e-560a-49bc-863c-84e5e665223b.webp');
INSERT INTO image (gid, image_src) VALUES ('43', '/brewdrink/9217f7e0-0c86-4a33-8cc9-2996140a0f15.webp');
INSERT INTO image (gid, image_src) VALUES ('44', '/brewdrink/5598bcb7-f550-4da5-8fe1-4b0afb97fc27.webp');
INSERT INTO image (gid, image_src) VALUES ('45', '/brewdrink/94e56c49-c67f-47f7-b9aa-bcc1d84baa38.webp');
INSERT INTO image (gid, image_src) VALUES ('46', '/brewdrink/825ab7b2-cd13-4a2d-b588-0d7d70946e91.webp');
INSERT INTO image (gid, image_src) VALUES ('47', '/brewdrink/2bcd6b78-308c-4d50-8a3a-83fefc07579f.webp');
INSERT INTO image (gid, image_src) VALUES ('48', '/brewdrink/c7b26b4b-0414-4c7f-844d-92e4566521a8.webp');
INSERT INTO image (gid, image_src) VALUES ('49', '/brewdrink/c018b1c2-15a2-48bc-9c57-5ce5bf5ba61b.webp');
INSERT INTO image (gid, image_src) VALUES ('50', '/brewdrink/a0fb7809-e5ec-40a5-9f72-ffaca763373b.webp');
INSERT INTO image (gid, image_src) VALUES ('51', '/brewdrink/a44ac0fb-6c6f-4d5a-9dda-736fef3f2f27.webp');
INSERT INTO image (gid, image_src) VALUES ('52', '/brewdrink/e0cbf172-1914-41af-8688-373992138a80.webp');
INSERT INTO image (gid, image_src) VALUES ('53', '/brewdrink/8e10b90f-5310-453a-967a-c5bc8c220a80.webp');
INSERT INTO image (gid, image_src) VALUES ('54', '/brewdrink/2be1ef78-ea8b-4a47-8eed-089ebe81f40e.webp');
INSERT INTO image (gid, image_src) VALUES ('55', '/brewdrink/2d41280e-6be8-48ee-b27e-1dc087f5179b.webp');
INSERT INTO image (gid, image_src) VALUES ('56', '/brewdrink/e9e1c02f-9b91-4412-a04d-5d35fe9005e9.webp');
INSERT INTO image (gid, image_src) VALUES ('57', '/brewdrink/8667938d-cd92-4620-b97a-ca4672ff1eed.webp');
INSERT INTO image (gid, image_src) VALUES ('58', '/brewdrink/d14da067-6c79-4632-8cf0-816dcc8955da.webp');
INSERT INTO image (gid, image_src) VALUES ('59', '/brewdrink/370f451b-6969-4cce-abb2-3752842e31be.webp');
INSERT INTO image (gid, image_src) VALUES ('60', '/brewdrink/11861c1f-4157-4cde-9c79-09e01b6ab3af.webp');
INSERT INTO image (gid, image_src) VALUES ('61', '/sweets/0cf7e4b3-04a5-4446-9ed3-8ce16a4b3418.webp');
INSERT INTO image (gid, image_src) VALUES ('62', '/sweets/58bb6d92-4a7c-47a6-a65e-554ed5b3a1fa.webp');
INSERT INTO image (gid, image_src) VALUES ('63', '/sweets/c455a7ad-2b5d-4e0d-bfe4-98bbde469d32.webp');
INSERT INTO image (gid, image_src) VALUES ('64', '/sweets/d7f0532d-8720-4c96-aaac-62f378253ae2.webp');
INSERT INTO image (gid, image_src) VALUES ('65', '/sweets/a03e4d55-d47d-416b-acbc-592b24b293fd.webp');
INSERT INTO image (gid, image_src) VALUES ('66', '/sweets/4116e0c2-a7aa-49b2-a089-13553294eee0.webp');
INSERT INTO image (gid, image_src) VALUES ('67', '/sweets/a31d3c40-9018-4edb-b35d-176431289574.webp');
INSERT INTO image (gid, image_src) VALUES ('68', '/sweets/dd26657d-bfc1-4ee1-a715-74e552b5d08a.webp');
INSERT INTO image (gid, image_src) VALUES ('69', '/sweets/c6c33556-adc0-481b-b681-57a17eb790bf.webp');
INSERT INTO image (gid, image_src) VALUES ('70', '/sweets/a717dbd4-daab-4338-853b-943e04df54a0.webp');
INSERT INTO image (gid, image_src) VALUES ('71', '/sweets/550f58a5-fe04-4ca3-af43-f67fe7e84271.webp');
INSERT INTO image (gid, image_src) VALUES ('72', '/sweets/94e56c49-c67f-47f7-b9aa-bcc1d84baa38.webp');
INSERT INTO image (gid, image_src) VALUES ('73', '/sweets/6994e4fe-c427-4964-ad9e-80f9ac5774e4.webp');
INSERT INTO image (gid, image_src) VALUES ('74', '/sweets/566d53bc-b744-414b-aa6f-9b6b79896671.webp');
INSERT INTO image (gid, image_src) VALUES ('75', '/sweets/6ffc2893-b21d-4be7-b717-d59f7258c5bf.webp');
INSERT INTO image (gid, image_src) VALUES ('76', '/sweets/e05dfea0-fbf9-4d00-9904-d63304081352.webp');
INSERT INTO image (gid, image_src) VALUES ('77', '/sweets/3556b69a-9197-4a47-bed0-2a8febd0cf19.webp');
INSERT INTO image (gid, image_src) VALUES ('78', '/sweets/144aa47e-50e9-4cfa-acc5-f9897bdebadd.webp');
INSERT INTO image (gid, image_src) VALUES ('79', '/sweets/72f81d8a-67d4-4a85-a237-c2fac8bb435a.webp');
INSERT INTO image (gid, image_src) VALUES ('80', '/sweets/f3204d5f-6861-4777-bb18-5986256b2432.webp');
INSERT INTO image (gid, image_src) VALUES ('81', '/sweets/6331bf8d-9334-44a5-ac29-e2eb4aa7b79b.webp');
INSERT INTO image (gid, image_src) VALUES ('82', '/sweets/9baec7a1-45a2-46a1-9621-fd0b22f7accf.webp');
INSERT INTO image (gid, image_src) VALUES ('83', '/sweets/4eddae7b-2e49-45ef-ad32-9cd53060b808.webp');
INSERT INTO image (gid, image_src) VALUES ('84', '/sweets/6a7abf77-ae58-4ea0-a975-2f35fe05880d.webp');
INSERT INTO image (gid, image_src) VALUES ('85', '/sweets/3a43120b-07c8-4295-a1b6-b9584c56cb4b.webp');
INSERT INTO image (gid, image_src) VALUES ('86', '/sweets/918bdae8-aa6e-4e6e-9148-1622a856ddef.webp');
INSERT INTO image (gid, image_src) VALUES ('87', '/sweets/e7b35ba8-9276-4b1c-b3ae-4094e5934132.webp');
INSERT INTO image (gid, image_src) VALUES ('88', '/sweets/9ce2099b-2f30-421f-b453-36ee374d95e2.webp');
INSERT INTO image (gid, image_src) VALUES ('89', '/sweets/6896917d-52fe-4ffc-a5f0-3f420362ada5.webp');
INSERT INTO image (gid, image_src) VALUES ('90', '/sweets/a3549a02-5379-4703-80b5-ddf2f3f5d3cb.webp');
INSERT INTO image (gid, image_src) VALUES ('91', '/sweets/7e5726d3-0d91-4962-9cf0-2128bc2d2d4b.webp');
INSERT INTO image (gid, image_src) VALUES ('92', '/sweets/9b820cf2-908b-4daf-8159-c72385320060.webp');
INSERT INTO image (gid, image_src) VALUES ('93', '/sweets/e90c1119-c4a9-4e5f-b1d8-bdd771eabe6e.webp');
INSERT INTO image (gid, image_src) VALUES ('94', '/citrus/26d9609e-8a16-4c4c-bcfe-68e19fd386e5.webp');
INSERT INTO image (gid, image_src) VALUES ('95', '/citrus/f1072f3e-e980-47c6-af42-9471ba848a96.webp');
INSERT INTO image (gid, image_src) VALUES ('96', '/citrus/5c43d6a3-ea2c-4883-80a5-ee0cb68a0aa0.webp');
INSERT INTO image (gid, image_src) VALUES ('97', '/citrus/e31af51e-1797-4be4-9d92-02b0be96d8c0.webp');
INSERT INTO image (gid, image_src) VALUES ('98', '/citrus/ab9926e1-6411-4f28-90e0-92bfb3f982f4.webp');
INSERT INTO image (gid, image_src) VALUES ('99', '/citrus/f47f0c8e-fc31-4a22-a948-d7ce2873f1fb.webp');
INSERT INTO image (gid, image_src) VALUES ('100', '/citrus/bc9de898-1fd9-49a6-926c-e79c1910339d.webp');
INSERT INTO image (gid, image_src) VALUES ('101', '/citrus/bd8334f9-6323-4ac0-9c1e-1befae825a1f.webp');
INSERT INTO image (gid, image_src) VALUES ('102', '/citrus/50b8becc-b0f8-4fa4-b796-535624ef543f.webp');
INSERT INTO image (gid, image_src) VALUES ('103', '/citrus/56512f3a-c973-4a56-b8f1-ad8217110e01.webp');
INSERT INTO image (gid, image_src) VALUES ('104', '/citrus/27a0b274-2817-479c-858b-05b886a58491.webp');
INSERT INTO image (gid, image_src) VALUES ('105', '/citrus/196c3b74-42a0-4303-94e1-c4befb5679c3.webp');
INSERT INTO image (gid, image_src) VALUES ('106', '/citrus/2cf7fd9f-a943-4de7-955a-9592621121ed.webp');
INSERT INTO image (gid, image_src) VALUES ('107', '/citrus/a79e961a-cac8-4052-98af-923a71b24256.webp');
INSERT INTO image (gid, image_src) VALUES ('108', '/citrus/0b1406cc-fc94-4d8d-b26a-0d87353bf6dd.webp');
INSERT INTO image (gid, image_src) VALUES ('109', '/citrus/4559d50d-cc2e-4d7e-a8d3-6b7916c39297.webp');
INSERT INTO image (gid, image_src) VALUES ('110', '/citrus/4e2b3a11-ce3f-43e0-959f-e09699b05307.webp');
INSERT INTO image (gid, image_src) VALUES ('111', '/citrus/daf89f0c-4cbd-4a6a-a81a-3afa55752dcf.webp');
INSERT INTO image (gid, image_src) VALUES ('112', '/citrus/fb29c210-4fac-4f84-9f6d-7969c276463b.webp');
INSERT INTO image (gid, image_src) VALUES ('113', '/citrus/521712f4-5df7-46e0-acb9-e081c789a15f.webp');
INSERT INTO image (gid, image_src) VALUES ('114', '/citrus/f64b50c3-f16f-442a-a87f-2398188af054.webp');
INSERT INTO image (gid, image_src) VALUES ('115', '/citrus/0f05e61f-06e7-4d08-bce8-be9000e8b6ef.webp');
INSERT INTO image (gid, image_src) VALUES ('116', '/citrus/a078b722-23c5-4781-bbca-0612f1b32bff.webp');
INSERT INTO image (gid, image_src) VALUES ('117', '/citrus/4f0593c5-088d-4669-a81e-276637b9aa0a.webp');
INSERT INTO image (gid, image_src) VALUES ('118', '/citrus/b5fc5fc1-c8e6-4ba5-960b-d91b4c617f0b.webp');
INSERT INTO image (gid, image_src) VALUES ('119', '/citrus/a53b0e8e-667f-47d6-b78f-75e9940b3c88.webp');
INSERT INTO image (gid, image_src) VALUES ('120', '/citrus/d3280a63-7208-4c8b-9911-42a7b09299e6.webp');
INSERT INTO image (gid, image_src) VALUES ('121', '/citrus/0e265fb2-7c12-476b-9f32-480d3ac6897d.webp');
INSERT INTO image (gid, image_src) VALUES ('122', '/citrus/8f3e3438-467b-4a05-be13-f2859ec4a5ad.webp');
INSERT INTO image (gid, image_src) VALUES ('123', '/citrus/9259f217-8b20-48f2-a383-a6dfb9d3e696.webp');
INSERT INTO image (gid, image_src) VALUES ('124', '/citrus/88d3c7a6-6ef4-492d-805f-2a193cb4f7fc.webp');
INSERT INTO image (gid, image_src) VALUES ('125', '/citrus/44accc8b-e035-4286-8757-f1f508a8ee0d.jpg');
INSERT INTO image (gid, image_src) VALUES ('126', '/citrus/aaa89788-30ac-4640-8130-5931d17ef51f.webp');
INSERT INTO image (gid, image_src) VALUES ('127', '/citrus/93466fe0-88f9-410e-bb22-f8a82edca524.webp');

INSERT INTO loctext (gid, loctext_lang, loctext) VALUES ('1', 'RU', 'Сыр «Пармезан молодой»');
INSERT INTO loctext (gid, loctext_lang, loctext) VALUES ('2', 'RU', 'Сыр «Чеддер»');
INSERT INTO loctext (gid, loctext_lang, loctext) VALUES ('3', 'RU', 'Сыр «Манчестер»');
INSERT INTO loctext (gid, loctext_lang, loctext) VALUES ('4', 'RU', 'Сыр «Сулугуни»');
INSERT INTO loctext (gid, loctext_lang, loctext) VALUES ('5', 'RU', 'Сыр «Молога»');
INSERT INTO loctext (gid, loctext_lang, loctext) VALUES ('6', 'RU', 'Сыр «Российский»');
INSERT INTO loctext (gid, loctext_lang, loctext) VALUES ('7', 'RU', 'Сыр «Адыгейский» легкий');
INSERT INTO loctext (gid, loctext_lang, loctext) VALUES ('8', 'RU', 'Сыр «Грюнбергер», 180г');
INSERT INTO loctext (gid, loctext_lang, loctext) VALUES ('9', 'RU', 'Сыр «Сливочный», 350г');
INSERT INTO loctext (gid, loctext_lang, loctext) VALUES ('10', 'RU', 'Сыр «Parmesan» 2 мес. 200г');
INSERT INTO loctext (gid, loctext_lang, loctext) VALUES ('11', 'RU', 'Сыр «Камамбер» с черным трюфелем, 125 г');
INSERT INTO loctext (gid, loctext_lang, loctext) VALUES ('12', 'RU', 'Сыр с белой плесенью «Камамбер традиционный», 150 г');
INSERT INTO loctext (gid, loctext_lang, loctext) VALUES ('13', 'RU', 'Сыр мягкий с голубой плесенью «Блю Чиз», 140 г');
INSERT INTO loctext (gid, loctext_lang, loctext) VALUES ('14', 'RU', 'Сыр «Страчателла», 200 г');
INSERT INTO loctext (gid, loctext_lang, loctext) VALUES ('15', 'RU', 'Сыр мягкий с белой плесенью «Камамбер» 150 г');
INSERT INTO loctext (gid, loctext_lang, loctext) VALUES ('16', 'RU', 'Сыр творожный «Козий», 140 г');
INSERT INTO loctext (gid, loctext_lang, loctext) VALUES ('17', 'RU', 'Сыр плавленый колбасный копченый, 400 г');
INSERT INTO loctext (gid, loctext_lang, loctext) VALUES ('18', 'RU', 'Сыр «Гран-При», 200г');
INSERT INTO loctext (gid, loctext_lang, loctext) VALUES ('19', 'RU', 'Сыр «Моцарелла для пиццы» мягкий, 250 г');
INSERT INTO loctext (gid, loctext_lang, loctext) VALUES ('20', 'RU', 'Сыр с голубой благородной плесенью, 100 г');
INSERT INTO loctext (gid, loctext_lang, loctext) VALUES ('21', 'RU', 'Сыр «Маасдам» нарезка, 150г');
INSERT INTO loctext (gid, loctext_lang, loctext) VALUES ('22', 'RU', 'Сыр мягкий «КремЧиз», 200 г');
INSERT INTO loctext (gid, loctext_lang, loctext) VALUES ('23', 'RU', 'Сыр «Российский» нарезка, 150г');
INSERT INTO loctext (gid, loctext_lang, loctext) VALUES ('24', 'RU', 'Сыр «Пошехонский», 200 г');
INSERT INTO loctext (gid, loctext_lang, loctext) VALUES ('25', 'RU', 'Сыр творожный «Вкусвилл», 140 г');
INSERT INTO loctext (gid, loctext_lang, loctext) VALUES ('26', 'RU', 'Сыр «Буррата», 150 г');
INSERT INTO loctext (gid, loctext_lang, loctext) VALUES ('27', 'RU', 'Сыр «Голландский» нарезка, 150г');
INSERT INTO loctext (gid, loctext_lang, loctext) VALUES ('28', 'RU', 'Сыр «Моцарелла» детская, 120 г');
INSERT INTO loctext (gid, loctext_lang, loctext) VALUES ('29', 'RU', 'Сыр с голубой плесенью «Роял Чиз», 100 г');
INSERT INTO loctext (gid, loctext_lang, loctext) VALUES ('30', 'RU', 'Сыр «Пармезан» крошка, 100г');
INSERT INTO loctext (gid, loctext_lang, loctext) VALUES ('31', 'RU', 'Кофе «Эфиопия» в зернах');
INSERT INTO loctext (gid, loctext_lang, loctext) VALUES ('32', 'RU', 'Кофе «Куба» жареный молотый');
INSERT INTO loctext (gid, loctext_lang, loctext) VALUES ('33', 'RU', 'Кофе «Бразилия» в зернах');
INSERT INTO loctext (gid, loctext_lang, loctext) VALUES ('34', 'RU', 'Кофе жареный молотый');
INSERT INTO loctext (gid, loctext_lang, loctext) VALUES ('35', 'RU', 'Кофе «Медиум» в капсулах');
INSERT INTO loctext (gid, loctext_lang, loctext) VALUES ('36', 'RU', 'Кофе «Венский» молотый');
INSERT INTO loctext (gid, loctext_lang, loctext) VALUES ('37', 'RU', 'Чай «Манговый улун»');
INSERT INTO loctext (gid, loctext_lang, loctext) VALUES ('38', 'RU', 'Кофе натуральный растворимый сублимированный');
INSERT INTO loctext (gid, loctext_lang, loctext) VALUES ('39', 'RU', 'Чай «Эрл Грей» черный листовой в пакетиках');
INSERT INTO loctext (gid, loctext_lang, loctext) VALUES ('40', 'RU', 'Чай черный с чабрецом в пирамидках');
INSERT INTO loctext (gid, loctext_lang, loctext) VALUES ('41', 'RU', 'Напиток чайный «Гречишный», 75 г');
INSERT INTO loctext (gid, loctext_lang, loctext) VALUES ('42', 'RU', 'Иван-чай с облепихой');
INSERT INTO loctext (gid, loctext_lang, loctext) VALUES ('43', 'RU', 'Напиток «Матча Латте» растворимый');
INSERT INTO loctext (gid, loctext_lang, loctext) VALUES ('44', 'RU', 'Чай черный «Цейлонский» листовой');
INSERT INTO loctext (gid, loctext_lang, loctext) VALUES ('45', 'RU', 'Шоколад горячий «Бомбочка» с маршмеллоу');
INSERT INTO loctext (gid, loctext_lang, loctext) VALUES ('46', 'RU', 'Напиток чайный «Гречишный»');
INSERT INTO loctext (gid, loctext_lang, loctext) VALUES ('47', 'RU', 'Чай травяной в пакетиках');
INSERT INTO loctext (gid, loctext_lang, loctext) VALUES ('48', 'RU', 'Какао-напиток растворимый');
INSERT INTO loctext (gid, loctext_lang, loctext) VALUES ('49', 'RU', 'Иван-чай с земляникой');
INSERT INTO loctext (gid, loctext_lang, loctext) VALUES ('50', 'RU', 'Какао-порошок');
INSERT INTO loctext (gid, loctext_lang, loctext) VALUES ('51', 'RU', 'Чай черный с ромашкой и душицей в пакетиках');
INSERT INTO loctext (gid, loctext_lang, loctext) VALUES ('52', 'RU', 'Чай черный с мятой и календулой в пакетиках');
INSERT INTO loctext (gid, loctext_lang, loctext) VALUES ('53', 'RU', 'Цикорий растворимый порошкообразный');
INSERT INTO loctext (gid, loctext_lang, loctext) VALUES ('54', 'RU', 'Чай черный байховый в пакетиках');
INSERT INTO loctext (gid, loctext_lang, loctext) VALUES ('55', 'RU', 'Напиток чайный «Имбирный» с цедрой лимона');
INSERT INTO loctext (gid, loctext_lang, loctext) VALUES ('56', 'RU', 'Чай зеленый байховый в пакетиках');
INSERT INTO loctext (gid, loctext_lang, loctext) VALUES ('57', 'RU', 'Ромашка для заваривания, в пакетиках');
INSERT INTO loctext (gid, loctext_lang, loctext) VALUES ('58', 'RU', 'Напиток чайный «Мята-ромашка-чабрец», пакетики');
INSERT INTO loctext (gid, loctext_lang, loctext) VALUES ('59', 'RU', 'Напиток растворимый «Зеленая матча латте»');
INSERT INTO loctext (gid, loctext_lang, loctext) VALUES ('60', 'RU', 'Какао-напиток «Шоколадный»');
INSERT INTO loctext (gid, loctext_lang, loctext) VALUES ('61', 'RU', 'Торт домашний «Наполеон»');
INSERT INTO loctext (gid, loctext_lang, loctext) VALUES ('62', 'RU', 'Торт «Монтблан»');
INSERT INTO loctext (gid, loctext_lang, loctext) VALUES ('63', 'RU', 'Торт «Маракуйя»');
INSERT INTO loctext (gid, loctext_lang, loctext) VALUES ('64', 'RU', 'Рулет фисташковый с малиной');
INSERT INTO loctext (gid, loctext_lang, loctext) VALUES ('65', 'RU', 'Печенье «Шарики» с варёной сгущёнкой, 420 г');
INSERT INTO loctext (gid, loctext_lang, loctext) VALUES ('66', 'RU', 'Рулет меренговый «Манго-маракуйя»');
INSERT INTO loctext (gid, loctext_lang, loctext) VALUES ('67', 'RU', 'Торт «Вкусновение»');
INSERT INTO loctext (gid, loctext_lang, loctext) VALUES ('68', 'RU', 'Рулет бисквитный');
INSERT INTO loctext (gid, loctext_lang, loctext) VALUES ('69', 'RU', 'Торт "Медовик "Традиционный"');
INSERT INTO loctext (gid, loctext_lang, loctext) VALUES ('70', 'RU', 'Ромовая Баба');
INSERT INTO loctext (gid, loctext_lang, loctext) VALUES ('71', 'RU', 'Пирожные «Муравейные шарики»');
INSERT INTO loctext (gid, loctext_lang, loctext) VALUES ('72', 'RU', 'Шоколад горячий «Бомбочка» с маршмеллоу');
INSERT INTO loctext (gid, loctext_lang, loctext) VALUES ('73', 'RU', 'Вафельные трубочки с вареной сгущенкой');
INSERT INTO loctext (gid, loctext_lang, loctext) VALUES ('74', 'RU', 'Эклер «Ванильный»');
INSERT INTO loctext (gid, loctext_lang, loctext) VALUES ('75', 'RU', 'Панна-котта «Манго- маракуйя» без доб. сахара');
INSERT INTO loctext (gid, loctext_lang, loctext) VALUES ('76', 'RU', 'Десерт молочный «Наполеон»');
INSERT INTO loctext (gid, loctext_lang, loctext) VALUES ('77', 'RU', 'Печенье овсяное «Классическое»');
INSERT INTO loctext (gid, loctext_lang, loctext) VALUES ('78', 'RU', 'Пирожное «Картошка» обсыпная');
INSERT INTO loctext (gid, loctext_lang, loctext) VALUES ('79', 'RU', 'Вафельные трубочки (без начинки)');
INSERT INTO loctext (gid, loctext_lang, loctext) VALUES ('80', 'RU', 'Шоколад горький 58%');
INSERT INTO loctext (gid, loctext_lang, loctext) VALUES ('81', 'RU', 'Шоколад молочный');
INSERT INTO loctext (gid, loctext_lang, loctext) VALUES ('82', 'RU', 'Трубочки с белковым кремом');
INSERT INTO loctext (gid, loctext_lang, loctext) VALUES ('83', 'RU', 'Эскимо пломбир ванильный в молочном шоколаде');
INSERT INTO loctext (gid, loctext_lang, loctext) VALUES ('84', 'RU', 'Вафли с какао');
INSERT INTO loctext (gid, loctext_lang, loctext) VALUES ('85', 'RU', 'Вафли «Голландские» с молочной карамелью');
INSERT INTO loctext (gid, loctext_lang, loctext) VALUES ('86', 'RU', 'Мороженое пломбир ванильный во взбитой глазури');
INSERT INTO loctext (gid, loctext_lang, loctext) VALUES ('87', 'RU', 'Мороженое пломбир в вафельном стаканчике');
INSERT INTO loctext (gid, loctext_lang, loctext) VALUES ('88', 'RU', 'Десерт многослойный с фруктовым соком');
INSERT INTO loctext (gid, loctext_lang, loctext) VALUES ('89', 'RU', 'Торт «Шоколадный микс»');
INSERT INTO loctext (gid, loctext_lang, loctext) VALUES ('90', 'RU', 'Торт блинный шоколадный');
INSERT INTO loctext (gid, loctext_lang, loctext) VALUES ('91', 'RU', 'Эклер «Классический»');
INSERT INTO loctext (gid, loctext_lang, loctext) VALUES ('92', 'RU', 'Банановый кекс с орехом');
INSERT INTO loctext (gid, loctext_lang, loctext) VALUES ('93', 'RU', 'Мороженое «Соленая карамель»');
INSERT INTO loctext (gid, loctext_lang, loctext) VALUES ('94', 'RU', 'Помело');
INSERT INTO loctext (gid, loctext_lang, loctext) VALUES ('95', 'RU', 'Мандарины отборные');
INSERT INTO loctext (gid, loctext_lang, loctext) VALUES ('96', 'RU', 'Мандарины Муркотт');
INSERT INTO loctext (gid, loctext_lang, loctext) VALUES ('97', 'RU', 'Апельсины Марокко');
INSERT INTO loctext (gid, loctext_lang, loctext) VALUES ('98', 'RU', 'Грейпфрут');
INSERT INTO loctext (gid, loctext_lang, loctext) VALUES ('99', 'RU', 'Мандарины Хатайские сладкие');
INSERT INTO loctext (gid, loctext_lang, loctext) VALUES ('100', 'RU', 'Мандарины новый урожай Сатсума Лавка Вкуса, 700 г');
INSERT INTO loctext (gid, loctext_lang, loctext) VALUES ('101', 'RU', 'Апельсины крупные');
INSERT INTO loctext (gid, loctext_lang, loctext) VALUES ('102', 'RU', 'Лимоны Узбекистан Лавка Вкуса, 2 шт');
INSERT INTO loctext (gid, loctext_lang, loctext) VALUES ('103', 'RU', 'Апельсины Навелин');
INSERT INTO loctext (gid, loctext_lang, loctext) VALUES ('104', 'RU', 'Апельсин соковый');
INSERT INTO loctext (gid, loctext_lang, loctext) VALUES ('105', 'RU', 'Лайм, 200 г');
INSERT INTO loctext (gid, loctext_lang, loctext) VALUES ('106', 'RU', 'Кумкват, 150 гр');
INSERT INTO loctext (gid, loctext_lang, loctext) VALUES ('107', 'RU', 'Мандарины');
INSERT INTO loctext (gid, loctext_lang, loctext) VALUES ('108', 'RU', 'Мандарины Муркотт Марокко Лавка Вкуса, 450 г');
INSERT INTO loctext (gid, loctext_lang, loctext) VALUES ('109', 'RU', 'Лимоны');
INSERT INTO loctext (gid, loctext_lang, loctext) VALUES ('110', 'RU', 'Лимоны Узбекистан, 200 гр');
INSERT INTO loctext (gid, loctext_lang, loctext) VALUES ('111', 'RU', 'Апельсины');
INSERT INTO loctext (gid, loctext_lang, loctext) VALUES ('112', 'RU', 'Лимоны, 300 г');
INSERT INTO loctext (gid, loctext_lang, loctext) VALUES ('113', 'RU', 'Лимоны Узбекистан');
INSERT INTO loctext (gid, loctext_lang, loctext) VALUES ('114', 'RU', 'Апельсины Кара-Кара');
INSERT INTO loctext (gid, loctext_lang, loctext) VALUES ('115', 'RU', 'Мандарины мини, 500 г');
INSERT INTO loctext (gid, loctext_lang, loctext) VALUES ('116', 'RU', 'Помело мини');
INSERT INTO loctext (gid, loctext_lang, loctext) VALUES ('117', 'RU', 'Мандарины Клеменголд');
INSERT INTO loctext (gid, loctext_lang, loctext) VALUES ('118', 'RU', 'Апельсины красные');
INSERT INTO loctext (gid, loctext_lang, loctext) VALUES ('119', 'RU', 'Мандарины Клементин');
INSERT INTO loctext (gid, loctext_lang, loctext) VALUES ('120', 'RU', 'Мандарины Надоркотт');
INSERT INTO loctext (gid, loctext_lang, loctext) VALUES ('121', 'RU', 'Мандарины Измирские');
INSERT INTO loctext (gid, loctext_lang, loctext) VALUES ('122', 'RU', 'Лимоны Абхазия, 300 г');
INSERT INTO loctext (gid, loctext_lang, loctext) VALUES ('123', 'RU', 'Апельсины Кара-Кара, 3 шт');
INSERT INTO loctext (gid, loctext_lang, loctext) VALUES ('124', 'RU', 'Мандарины Муркотт, 600 г');
INSERT INTO loctext (gid, loctext_lang, loctext) VALUES ('125', 'RU', 'Помело красное');
INSERT INTO loctext (gid, loctext_lang, loctext) VALUES ('126', 'RU', 'Мандарины Египет');
INSERT INTO loctext (gid, loctext_lang, loctext) VALUES ('127', 'RU', 'Мандарины бэби, 250 г');

INSERT INTO loctext (gid, loctext_lang, loctext) VALUES ('1', 'EN', 'Cheese "Young Parmesan"');
INSERT INTO loctext (gid, loctext_lang, loctext) VALUES ('2', 'EN', 'Cheese "Cheddar"');
INSERT INTO loctext (gid, loctext_lang, loctext) VALUES ('3', 'EN', 'Cheese "Manchester"');
INSERT INTO loctext (gid, loctext_lang, loctext) VALUES ('4', 'EN', 'Cheese "Suluguni"');
INSERT INTO loctext (gid, loctext_lang, loctext) VALUES ('5', 'EN', 'Cheese "Mologa"');
INSERT INTO loctext (gid, loctext_lang, loctext) VALUES ('6', 'EN', 'Cheese "Russian"');
INSERT INTO loctext (gid, loctext_lang, loctext) VALUES ('7', 'EN', 'Cheese "Adyghe" light');
INSERT INTO loctext (gid, loctext_lang, loctext) VALUES ('8', 'EN', 'Cheese "Grunberger", 180g');
INSERT INTO loctext (gid, loctext_lang, loctext) VALUES ('9', 'EN', 'Cheese "Creamy", 350g');
INSERT INTO loctext (gid, loctext_lang, loctext) VALUES ('10', 'EN', 'Cheese "Parmesan" 2 months 200g');
INSERT INTO loctext (gid, loctext_lang, loctext) VALUES ('11', 'EN', 'Cheese "Camembert" with black truffle, 125 g');
INSERT INTO loctext (gid, loctext_lang, loctext) VALUES ('12', 'EN', 'Cheese with white mold "Camembert Traditional", 150 g');
INSERT INTO loctext (gid, loctext_lang, loctext) VALUES ('13', 'EN', 'Cheese soft with blue mold "Blue Cheese", 140 g');
INSERT INTO loctext (gid, loctext_lang, loctext) VALUES ('14', 'EN', 'Cheese "Strachatella", 200 g');
INSERT INTO loctext (gid, loctext_lang, loctext) VALUES ('15', 'EN', 'Cheese soft with white mold "Camembert" 150 g');
INSERT INTO loctext (gid, loctext_lang, loctext) VALUES ('16', 'EN', 'Cheese cottage cheese "Goat", 140 g');
INSERT INTO loctext (gid, loctext_lang, loctext) VALUES ('17', 'EN', 'Cheese processed smoked sausage, 400 g');
INSERT INTO loctext (gid, loctext_lang, loctext) VALUES ('18', 'EN', 'Cheese "Grand Prix", 200g');
INSERT INTO loctext (gid, loctext_lang, loctext) VALUES ('19', 'EN', 'Cheese "Mozzarella for pizza" soft, 250 g');
INSERT INTO loctext (gid, loctext_lang, loctext) VALUES ('20', 'EN', 'Cheese with blue noble mold, 100 g');
INSERT INTO loctext (gid, loctext_lang, loctext) VALUES ('21', 'EN', 'Cheese "Maasdam" sliced, 150g');
INSERT INTO loctext (gid, loctext_lang, loctext) VALUES ('22', 'EN', 'Cheese soft "Cream Cheese", 200 g');
INSERT INTO loctext (gid, loctext_lang, loctext) VALUES ('23', 'EN', 'Cheese "Russian" sliced, 150g');
INSERT INTO loctext (gid, loctext_lang, loctext) VALUES ('24', 'EN', 'Cheese "Poshekhonsky", 200 g');
INSERT INTO loctext (gid, loctext_lang, loctext) VALUES ('25', 'EN', 'Cheese cottage cheese "Vkusvill", 140 g');
INSERT INTO loctext (gid, loctext_lang, loctext) VALUES ('26', 'EN', 'Cheese "Burrata", 150 g');
INSERT INTO loctext (gid, loctext_lang, loctext) VALUES ('27', 'EN', 'Cheese "Dutch" sliced, 150g');
INSERT INTO loctext (gid, loctext_lang, loctext) VALUES ('28', 'EN', 'Cheese "Mozzarella" for children, 120 g');
INSERT INTO loctext (gid, loctext_lang, loctext) VALUES ('29', 'EN', 'Cheese with blue mold "Royal Cheese", 100 g');
INSERT INTO loctext (gid, loctext_lang, loctext) VALUES ('30', 'EN', 'Cheese "Parmesan" baby, 100g');
INSERT INTO loctext (gid, loctext_lang, loctext) VALUES ('31', 'EN', 'Coffee "Ethiopia" in beans');
INSERT INTO loctext (gid, loctext_lang, loctext) VALUES ('32', 'EN', 'Coffee "Cuba" roasted ground');
INSERT INTO loctext (gid, loctext_lang, loctext) VALUES ('33', 'EN', 'Coffee "Brazil" in beans');
INSERT INTO loctext (gid, loctext_lang, loctext) VALUES ('34', 'EN', 'Roasted ground coffee');
INSERT INTO loctext (gid, loctext_lang, loctext) VALUES ('35', 'EN', 'Coffee "Medium" in capsules');
INSERT INTO loctext (gid, loctext_lang, loctext) VALUES ('36', 'EN', 'Coffee "Viennese" ground');
INSERT INTO loctext (gid, loctext_lang, loctext) VALUES ('37', 'EN', 'Tea "Mango Oolong"');
INSERT INTO loctext (gid, loctext_lang, loctext) VALUES ('38', 'EN', 'Coffee natural instant sublimated');
INSERT INTO loctext (gid, loctext_lang, loctext) VALUES ('39', 'EN', 'Tea "Earl Gray" black loose leaves in bags');
INSERT INTO loctext (gid, loctext_lang, loctext) VALUES ('40', 'EN', 'Black tea with thyme in pyramids');
INSERT INTO loctext (gid, loctext_lang, loctext) VALUES ('41', 'EN', 'Buckwheat tea drink, 75 g');
INSERT INTO loctext (gid, loctext_lang, loctext) VALUES ('42', 'EN', 'Ivan tea with sea buckthorn');
INSERT INTO loctext (gid, loctext_lang, loctext) VALUES ('43', 'EN', 'Drink "Matcha Latte" instant');
INSERT INTO loctext (gid, loctext_lang, loctext) VALUES ('44', 'EN', 'Tea black "Ceylon" leaf');
INSERT INTO loctext (gid, loctext_lang, loctext) VALUES ('45', 'EN', 'Hot chocolate "Bombochka" with marshmallows');
INSERT INTO loctext (gid, loctext_lang, loctext) VALUES ('46', 'EN', 'Tea drink "Buckwheat"');
INSERT INTO loctext (gid, loctext_lang, loctext) VALUES ('47', 'EN', 'Herbal tea bags');
INSERT INTO loctext (gid, loctext_lang, loctext) VALUES ('48', 'EN', 'Instant cocoa drink');
INSERT INTO loctext (gid, loctext_lang, loctext) VALUES ('49', 'EN', 'Ivan tea with strawberries');
INSERT INTO loctext (gid, loctext_lang, loctext) VALUES ('50', 'EN', 'Cocoa powder');
INSERT INTO loctext (gid, loctext_lang, loctext) VALUES ('51', 'EN', 'Black tea with chamomile and oregano in bags');
INSERT INTO loctext (gid, loctext_lang, loctext) VALUES ('52', 'EN', 'Black tea with mint and calendula in bags');
INSERT INTO loctext (gid, loctext_lang, loctext) VALUES ('53', 'EN', 'Chicory instant powder');
INSERT INTO loctext (gid, loctext_lang, loctext) VALUES ('54', 'EN', 'Black tea in bags');
INSERT INTO loctext (gid, loctext_lang, loctext) VALUES ('55', 'EN', 'Tea drink "Ginger" with lemon zest');
INSERT INTO loctext (gid, loctext_lang, loctext) VALUES ('56', 'EN', 'Green tea bags');
INSERT INTO loctext (gid, loctext_lang, loctext) VALUES ('57', 'EN', 'Chamomile for brewing, in sachets');
INSERT INTO loctext (gid, loctext_lang, loctext) VALUES ('58', 'EN', 'Tea drink "Mint-chamomile-thyme", bags');
INSERT INTO loctext (gid, loctext_lang, loctext) VALUES ('59', 'EN', 'Instant drink "Green matcha latte"');
INSERT INTO loctext (gid, loctext_lang, loctext) VALUES ('60', 'EN', 'Cocoa drink "Chocolate"');
INSERT INTO loctext (gid, loctext_lang, loctext) VALUES ('61', 'EN', 'Cake home "Napoleon"');
INSERT INTO loctext (gid, loctext_lang, loctext) VALUES ('62', 'EN', 'Cake "Montblanc"');
INSERT INTO loctext (gid, loctext_lang, loctext) VALUES ('63', 'EN', 'Cake "Passionfruit"');
INSERT INTO loctext (gid, loctext_lang, loctext) VALUES ('64', 'EN', 'Pistachio roll with raspberries');
INSERT INTO loctext (gid, loctext_lang, loctext) VALUES ('65', 'EN', 'Cookies "Shariki" with boiled condensed milk, 420 g');
INSERT INTO loctext (gid, loctext_lang, loctext) VALUES ('66', 'EN', 'Meringue roll "Mango-passion fruit"');
INSERT INTO loctext (gid, loctext_lang, loctext) VALUES ('67', 'EN', 'Cake "Tasty"');
INSERT INTO loctext (gid, loctext_lang, loctext) VALUES ('68', 'EN', 'Biscuit roll');
INSERT INTO loctext (gid, loctext_lang, loctext) VALUES ('69', 'EN', 'Cake "Honey cake "Traditional"');
INSERT INTO loctext (gid, loctext_lang, loctext) VALUES ('70', 'EN', 'Baba');
INSERT INTO loctext (gid, loctext_lang, loctext) VALUES ('71', 'EN', 'Cakes "Ant balls"');
INSERT INTO loctext (gid, loctext_lang, loctext) VALUES ('72', 'EN', 'Hot chocolate "Bombochka" with marshmallows');
INSERT INTO loctext (gid, loctext_lang, loctext) VALUES ('73', 'EN', 'Wafer rolls with boiled condensed milk');
INSERT INTO loctext (gid, loctext_lang, loctext) VALUES ('74', 'EN', 'Eclair "Vanilla"');
INSERT INTO loctext (gid, loctext_lang, loctext) VALUES ('75', 'EN', 'Panna cotta "Mango-passion fruit" without ext. Sahara');
INSERT INTO loctext (gid, loctext_lang, loctext) VALUES ('76', 'EN', 'Milk dessert "Napoleon"');
INSERT INTO loctext (gid, loctext_lang, loctext) VALUES ('77', 'EN', 'Oatmeal cookies "Classic"');
INSERT INTO loctext (gid, loctext_lang, loctext) VALUES ('78', 'EN', 'Cake "Potato" sprinkled');
INSERT INTO loctext (gid, loctext_lang, loctext) VALUES ('79', 'EN', 'Wafer rolls (without filling)');
INSERT INTO loctext (gid, loctext_lang, loctext) VALUES ('80', 'EN', 'Chocolate bitter 58%');
INSERT INTO loctext (gid, loctext_lang, loctext) VALUES ('81', 'EN', 'Milk chocolate');
INSERT INTO loctext (gid, loctext_lang, loctext) VALUES ('82', 'EN', 'Tubes with protein cream');
INSERT INTO loctext (gid, loctext_lang, loctext) VALUES ('83', 'EN', 'Popsicle vanilla ice cream in milk chocolate');
INSERT INTO loctext (gid, loctext_lang, loctext) VALUES ('84', 'EN', 'Wafers with cocoa');
INSERT INTO loctext (gid, loctext_lang, loctext) VALUES ('85', 'EN', 'Wafers "Dutch" with milk caramel');
INSERT INTO loctext (gid, loctext_lang, loctext) VALUES ('86', 'EN', 'Vanilla ice cream in whipped glaze');
INSERT INTO loctext (gid, loctext_lang, loctext) VALUES ('87', 'EN', 'Ice cream ice cream in a waffle cup');
INSERT INTO loctext (gid, loctext_lang, loctext) VALUES ('88', 'EN', 'Layered dessert with fruit juice');
INSERT INTO loctext (gid, loctext_lang, loctext) VALUES ('89', 'EN', 'Chocolate Mix Cake');
INSERT INTO loctext (gid, loctext_lang, loctext) VALUES ('90', 'EN', 'Chocolate pancake cake');
INSERT INTO loctext (gid, loctext_lang, loctext) VALUES ('91', 'EN', 'Eclair "Classic"');
INSERT INTO loctext (gid, loctext_lang, loctext) VALUES ('92', 'EN', 'Banana Nut Cake');
INSERT INTO loctext (gid, loctext_lang, loctext) VALUES ('93', 'EN', 'Ice cream "Salted caramel"');
INSERT INTO loctext (gid, loctext_lang, loctext) VALUES ('94', 'EN', 'Pomelo');
INSERT INTO loctext (gid, loctext_lang, loctext) VALUES ('95', 'EN', 'Selected tangerines');
INSERT INTO loctext (gid, loctext_lang, loctext) VALUES ('96', 'EN', 'Tangerines Moorcott');
INSERT INTO loctext (gid, loctext_lang, loctext) VALUES ('97', 'EN', 'Morocco oranges');
INSERT INTO loctext (gid, loctext_lang, loctext) VALUES ('98', 'EN', 'Grapefruit');
INSERT INTO loctext (gid, loctext_lang, loctext) VALUES ('99', 'EN', 'Tangerines Khatai sweet');
INSERT INTO loctext (gid, loctext_lang, loctext) VALUES ('100', 'EN', 'Mandarins new harvest Satsuma Lavka Vkusa, 700 g');
INSERT INTO loctext (gid, loctext_lang, loctext) VALUES ('101', 'EN', 'Oranges are large');
INSERT INTO loctext (gid, loctext_lang, loctext) VALUES ('102', 'EN', 'Lemons Uzbekistan Lavka Vkusa, 2 pcs');
INSERT INTO loctext (gid, loctext_lang, loctext) VALUES ('103', 'EN', 'Oranges Navelin');
INSERT INTO loctext (gid, loctext_lang, loctext) VALUES ('104', 'EN', 'orange juice');
INSERT INTO loctext (gid, loctext_lang, loctext) VALUES ('105', 'EN', 'Lime, 200 g');
INSERT INTO loctext (gid, loctext_lang, loctext) VALUES ('106', 'EN', 'Kumquat, 150 gr');
INSERT INTO loctext (gid, loctext_lang, loctext) VALUES ('107', 'EN', 'Tangerines');
INSERT INTO loctext (gid, loctext_lang, loctext) VALUES ('108', 'EN', 'Tangerines Murcott Morocco Lavka Vkusa, 450 g');
INSERT INTO loctext (gid, loctext_lang, loctext) VALUES ('109', 'EN', 'Lemons');
INSERT INTO loctext (gid, loctext_lang, loctext) VALUES ('110', 'EN', 'Lemons Uzbekistan, 200 gr');
INSERT INTO loctext (gid, loctext_lang, loctext) VALUES ('111', 'EN', 'Oranges');
INSERT INTO loctext (gid, loctext_lang, loctext) VALUES ('112', 'EN', 'Lemons, 300 g');
INSERT INTO loctext (gid, loctext_lang, loctext) VALUES ('113', 'EN', 'Lemons Uzbekistan');
INSERT INTO loctext (gid, loctext_lang, loctext) VALUES ('114', 'EN', 'Oranges Kara-Kara');
INSERT INTO loctext (gid, loctext_lang, loctext) VALUES ('115', 'EN', 'Tangerines mini, 500 g');
INSERT INTO loctext (gid, loctext_lang, loctext) VALUES ('116', 'EN', 'Pomelo mini');
INSERT INTO loctext (gid, loctext_lang, loctext) VALUES ('117', 'EN', 'Tangerines Clemengold');
INSERT INTO loctext (gid, loctext_lang, loctext) VALUES ('118', 'EN', 'Oranges are red');
INSERT INTO loctext (gid, loctext_lang, loctext) VALUES ('119', 'EN', 'Tangerines Clementine');
INSERT INTO loctext (gid, loctext_lang, loctext) VALUES ('120', 'EN', 'Tangerines Nadorcott');
INSERT INTO loctext (gid, loctext_lang, loctext) VALUES ('121', 'EN', 'Tangerines Izmir');
INSERT INTO loctext (gid, loctext_lang, loctext) VALUES ('122', 'EN', 'Lemons Abkhazia, 300 g');
INSERT INTO loctext (gid, loctext_lang, loctext) VALUES ('123', 'EN', 'Oranges Kara-Kara, 3 pcs');
INSERT INTO loctext (gid, loctext_lang, loctext) VALUES ('124', 'EN', 'Tangerines Murcott, 600 g');
INSERT INTO loctext (gid, loctext_lang, loctext) VALUES ('125', 'EN', 'Pomelo red');
INSERT INTO loctext (gid, loctext_lang, loctext) VALUES ('126', 'EN', 'Tangerines Egypt');
INSERT INTO loctext (gid, loctext_lang, loctext) VALUES ('127', 'EN', 'Baby tangerines, 250 g');

INSERT INTO price (gid, price_datefr, price_dateto, price, price_cur, price_qty, price_uon) VALUES ('1', '2023/05/10', '9999/12/31', '107000', 'RUB', '1', 'pc');
INSERT INTO price (gid, price_datefr, price_dateto, price, price_cur, price_qty, price_uon) VALUES ('2', '2023/05/10', '9999/12/31', '99800', 'RUB', '1', 'pc');
INSERT INTO price (gid, price_datefr, price_dateto, price, price_cur, price_qty, price_uon) VALUES ('3', '2023/05/10', '9999/12/31', '94500', 'RUB', '1', 'pc');
INSERT INTO price (gid, price_datefr, price_dateto, price, price_cur, price_qty, price_uon) VALUES ('4', '2023/05/10', '9999/12/31', '90700', 'RUB', '1', 'pc');
INSERT INTO price (gid, price_datefr, price_dateto, price, price_cur, price_qty, price_uon) VALUES ('5', '2023/05/10', '9999/12/31', '82200', 'RUB', '1', 'pc');
INSERT INTO price (gid, price_datefr, price_dateto, price, price_cur, price_qty, price_uon) VALUES ('6', '2023/05/10', '9999/12/31', '85000', 'RUB', '1', 'pc');
INSERT INTO price (gid, price_datefr, price_dateto, price, price_cur, price_qty, price_uon) VALUES ('7', '2023/05/10', '9999/12/31', '67400', 'RUB', '1', 'pc');
INSERT INTO price (gid, price_datefr, price_dateto, price, price_cur, price_qty, price_uon) VALUES ('8', '2023/05/10', '9999/12/31', '47500', 'RUB', '1', 'pc');
INSERT INTO price (gid, price_datefr, price_dateto, price, price_cur, price_qty, price_uon) VALUES ('9', '2023/05/10', '9999/12/31', '39500', 'RUB', '1', 'pc');
INSERT INTO price (gid, price_datefr, price_dateto, price, price_cur, price_qty, price_uon) VALUES ('10', '2023/05/10', '9999/12/31', '35200', 'RUB', '1', 'pc');
INSERT INTO price (gid, price_datefr, price_dateto, price, price_cur, price_qty, price_uon) VALUES ('11', '2023/05/10', '9999/12/31', '33700', 'RUB', '1', 'pc');
INSERT INTO price (gid, price_datefr, price_dateto, price, price_cur, price_qty, price_uon) VALUES ('12', '2023/05/10', '9999/12/31', '33500', 'RUB', '1', 'pc');
INSERT INTO price (gid, price_datefr, price_dateto, price, price_cur, price_qty, price_uon) VALUES ('13', '2023/05/10', '9999/12/31', '32700', 'RUB', '1', 'pc');
INSERT INTO price (gid, price_datefr, price_dateto, price, price_cur, price_qty, price_uon) VALUES ('14', '2023/05/10', '9999/12/31', '31700', 'RUB', '1', 'pc');
INSERT INTO price (gid, price_datefr, price_dateto, price, price_cur, price_qty, price_uon) VALUES ('15', '2023/05/10', '9999/12/31', '31500', 'RUB', '1', 'pc');
INSERT INTO price (gid, price_datefr, price_dateto, price, price_cur, price_qty, price_uon) VALUES ('16', '2023/05/10', '9999/12/31', '31700', 'RUB', '1', 'pc');
INSERT INTO price (gid, price_datefr, price_dateto, price, price_cur, price_qty, price_uon) VALUES ('17', '2023/05/10', '9999/12/31', '29500', 'RUB', '1', 'pc');
INSERT INTO price (gid, price_datefr, price_dateto, price, price_cur, price_qty, price_uon) VALUES ('18', '2023/05/10', '9999/12/31', '27000', 'RUB', '1', 'pc');
INSERT INTO price (gid, price_datefr, price_dateto, price, price_cur, price_qty, price_uon) VALUES ('19', '2023/05/10', '9999/12/31', '25700', 'RUB', '1', 'pc');
INSERT INTO price (gid, price_datefr, price_dateto, price, price_cur, price_qty, price_uon) VALUES ('20', '2023/05/10', '9999/12/31', '23500', 'RUB', '1', 'pc');
INSERT INTO price (gid, price_datefr, price_dateto, price, price_cur, price_qty, price_uon) VALUES ('21', '2023/05/10', '9999/12/31', '23000', 'RUB', '1', 'pc');
INSERT INTO price (gid, price_datefr, price_dateto, price, price_cur, price_qty, price_uon) VALUES ('22', '2023/05/10', '9999/12/31', '19800', 'RUB', '1', 'pc');
INSERT INTO price (gid, price_datefr, price_dateto, price, price_cur, price_qty, price_uon) VALUES ('23', '2023/05/10', '9999/12/31', '19700', 'RUB', '1', 'pc');
INSERT INTO price (gid, price_datefr, price_dateto, price, price_cur, price_qty, price_uon) VALUES ('24', '2023/05/10', '9999/12/31', '18500', 'RUB', '1', 'pc');
INSERT INTO price (gid, price_datefr, price_dateto, price, price_cur, price_qty, price_uon) VALUES ('25', '2023/05/10', '9999/12/31', '12300', 'RUB', '1', 'pc');
INSERT INTO price (gid, price_datefr, price_dateto, price, price_cur, price_qty, price_uon) VALUES ('26', '2023/05/10', '9999/12/31', '30500', 'RUB', '1', 'pc');
INSERT INTO price (gid, price_datefr, price_dateto, price, price_cur, price_qty, price_uon) VALUES ('27', '2023/05/10', '9999/12/31', '19400', 'RUB', '1', 'pc');
INSERT INTO price (gid, price_datefr, price_dateto, price, price_cur, price_qty, price_uon) VALUES ('28', '2023/05/10', '9999/12/31', '15700', 'RUB', '1', 'pc');
INSERT INTO price (gid, price_datefr, price_dateto, price, price_cur, price_qty, price_uon) VALUES ('29', '2023/05/10', '9999/12/31', '26300', 'RUB', '1', 'pc');
INSERT INTO price (gid, price_datefr, price_dateto, price, price_cur, price_qty, price_uon) VALUES ('30', '2023/05/10', '9999/12/31', '24200', 'RUB', '1', 'pc');
INSERT INTO price (gid, price_datefr, price_dateto, price, price_cur, price_qty, price_uon) VALUES ('31', '2023/05/10', '9999/12/31', '41000', 'RUB', '1', 'pc');
INSERT INTO price (gid, price_datefr, price_dateto, price, price_cur, price_qty, price_uon) VALUES ('32', '2023/05/10', '9999/12/31', '39500', 'RUB', '1', 'pc');
INSERT INTO price (gid, price_datefr, price_dateto, price, price_cur, price_qty, price_uon) VALUES ('33', '2023/05/10', '9999/12/31', '35000', 'RUB', '1', 'pc');
INSERT INTO price (gid, price_datefr, price_dateto, price, price_cur, price_qty, price_uon) VALUES ('34', '2023/05/10', '9999/12/31', '35000', 'RUB', '1', 'pc');
INSERT INTO price (gid, price_datefr, price_dateto, price, price_cur, price_qty, price_uon) VALUES ('35', '2023/05/10', '9999/12/31', '33700', 'RUB', '1', 'pc');
INSERT INTO price (gid, price_datefr, price_dateto, price, price_cur, price_qty, price_uon) VALUES ('36', '2023/05/10', '9999/12/31', '31500', 'RUB', '1', 'pc');
INSERT INTO price (gid, price_datefr, price_dateto, price, price_cur, price_qty, price_uon) VALUES ('37', '2023/05/10', '9999/12/31', '27500', 'RUB', '1', 'pc');
INSERT INTO price (gid, price_datefr, price_dateto, price, price_cur, price_qty, price_uon) VALUES ('38', '2023/05/10', '9999/12/31', '27400', 'RUB', '1', 'pc');
INSERT INTO price (gid, price_datefr, price_dateto, price, price_cur, price_qty, price_uon) VALUES ('39', '2023/05/10', '9999/12/31', '25800', 'RUB', '1', 'pc');
INSERT INTO price (gid, price_datefr, price_dateto, price, price_cur, price_qty, price_uon) VALUES ('40', '2023/05/10', '9999/12/31', '23000', 'RUB', '1', 'pc');
INSERT INTO price (gid, price_datefr, price_dateto, price, price_cur, price_qty, price_uon) VALUES ('41', '2023/05/10', '9999/12/31', '22000', 'RUB', '1', 'pc');
INSERT INTO price (gid, price_datefr, price_dateto, price, price_cur, price_qty, price_uon) VALUES ('42', '2023/05/10', '9999/12/31', '21000', 'RUB', '1', 'pc');
INSERT INTO price (gid, price_datefr, price_dateto, price, price_cur, price_qty, price_uon) VALUES ('43', '2023/05/10', '9999/12/31', '20000', 'RUB', '1', 'pc');
INSERT INTO price (gid, price_datefr, price_dateto, price, price_cur, price_qty, price_uon) VALUES ('44', '2023/05/10', '9999/12/31', '18800', 'RUB', '1', 'pc');
INSERT INTO price (gid, price_datefr, price_dateto, price, price_cur, price_qty, price_uon) VALUES ('45', '2023/05/10', '9999/12/31', '18800', 'RUB', '1', 'pc');
INSERT INTO price (gid, price_datefr, price_dateto, price, price_cur, price_qty, price_uon) VALUES ('46', '2023/05/10', '9999/12/31', '18300', 'RUB', '1', 'pc');
INSERT INTO price (gid, price_datefr, price_dateto, price, price_cur, price_qty, price_uon) VALUES ('47', '2023/05/10', '9999/12/31', '18000', 'RUB', '1', 'pc');
INSERT INTO price (gid, price_datefr, price_dateto, price, price_cur, price_qty, price_uon) VALUES ('48', '2023/05/10', '9999/12/31', '17700', 'RUB', '1', 'pc');
INSERT INTO price (gid, price_datefr, price_dateto, price, price_cur, price_qty, price_uon) VALUES ('49', '2023/05/10', '9999/12/31', '16500', 'RUB', '1', 'pc');
INSERT INTO price (gid, price_datefr, price_dateto, price, price_cur, price_qty, price_uon) VALUES ('50', '2023/05/10', '9999/12/31', '15800', 'RUB', '1', 'pc');
INSERT INTO price (gid, price_datefr, price_dateto, price, price_cur, price_qty, price_uon) VALUES ('51', '2023/05/10', '9999/12/31', '12000', 'RUB', '1', 'pc');
INSERT INTO price (gid, price_datefr, price_dateto, price, price_cur, price_qty, price_uon) VALUES ('52', '2023/05/10', '9999/12/31', '12000', 'RUB', '1', 'pc');
INSERT INTO price (gid, price_datefr, price_dateto, price, price_cur, price_qty, price_uon) VALUES ('53', '2023/05/10', '9999/12/31', '11600', 'RUB', '1', 'pc');
INSERT INTO price (gid, price_datefr, price_dateto, price, price_cur, price_qty, price_uon) VALUES ('54', '2023/05/10', '9999/12/31', '9800', 'RUB', '1', 'pc');
INSERT INTO price (gid, price_datefr, price_dateto, price, price_cur, price_qty, price_uon) VALUES ('55', '2023/05/10', '9999/12/31', '9800', 'RUB', '1', 'pc');
INSERT INTO price (gid, price_datefr, price_dateto, price, price_cur, price_qty, price_uon) VALUES ('56', '2023/05/10', '9999/12/31', '9200', 'RUB', '1', 'pc');
INSERT INTO price (gid, price_datefr, price_dateto, price, price_cur, price_qty, price_uon) VALUES ('57', '2023/05/10', '9999/12/31', '6200', 'RUB', '1', 'pc');
INSERT INTO price (gid, price_datefr, price_dateto, price, price_cur, price_qty, price_uon) VALUES ('58', '2023/05/10', '9999/12/31', '6000', 'RUB', '1', 'pc');
INSERT INTO price (gid, price_datefr, price_dateto, price, price_cur, price_qty, price_uon) VALUES ('59', '2023/05/10', '9999/12/31', '4000', 'RUB', '1', 'pc');
INSERT INTO price (gid, price_datefr, price_dateto, price, price_cur, price_qty, price_uon) VALUES ('60', '2023/05/10', '9999/12/31', '3500', 'RUB', '1', 'pc');
INSERT INTO price (gid, price_datefr, price_dateto, price, price_cur, price_qty, price_uon) VALUES ('61', '2023/05/10', '9999/12/31', '59000', 'RUB', '1', 'pc');
INSERT INTO price (gid, price_datefr, price_dateto, price, price_cur, price_qty, price_uon) VALUES ('62', '2023/05/10', '9999/12/31', '58000', 'RUB', '1', 'pc');
INSERT INTO price (gid, price_datefr, price_dateto, price, price_cur, price_qty, price_uon) VALUES ('63', '2023/05/10', '9999/12/31', '53500', 'RUB', '1', 'pc');
INSERT INTO price (gid, price_datefr, price_dateto, price, price_cur, price_qty, price_uon) VALUES ('64', '2023/05/10', '9999/12/31', '41000', 'RUB', '1', 'pc');
INSERT INTO price (gid, price_datefr, price_dateto, price, price_cur, price_qty, price_uon) VALUES ('65', '2023/05/10', '9999/12/31', '40500', 'RUB', '1', 'pc');
INSERT INTO price (gid, price_datefr, price_dateto, price, price_cur, price_qty, price_uon) VALUES ('66', '2023/05/10', '9999/12/31', '38200', 'RUB', '1', 'pc');
INSERT INTO price (gid, price_datefr, price_dateto, price, price_cur, price_qty, price_uon) VALUES ('67', '2023/05/10', '9999/12/31', '36500', 'RUB', '1', 'pc');
INSERT INTO price (gid, price_datefr, price_dateto, price, price_cur, price_qty, price_uon) VALUES ('68', '2023/05/10', '9999/12/31', '28500', 'RUB', '1', 'pc');
INSERT INTO price (gid, price_datefr, price_dateto, price, price_cur, price_qty, price_uon) VALUES ('69', '2023/05/10', '9999/12/31', '26200', 'RUB', '1', 'pc');
INSERT INTO price (gid, price_datefr, price_dateto, price, price_cur, price_qty, price_uon) VALUES ('70', '2023/05/10', '9999/12/31', '20800', 'RUB', '1', 'pc');
INSERT INTO price (gid, price_datefr, price_dateto, price, price_cur, price_qty, price_uon) VALUES ('71', '2023/05/10', '9999/12/31', '19800', 'RUB', '1', 'pc');
INSERT INTO price (gid, price_datefr, price_dateto, price, price_cur, price_qty, price_uon) VALUES ('72', '2023/05/10', '9999/12/31', '18800', 'RUB', '1', 'pc');
INSERT INTO price (gid, price_datefr, price_dateto, price, price_cur, price_qty, price_uon) VALUES ('73', '2023/05/10', '9999/12/31', '17800', 'RUB', '1', 'pc');
INSERT INTO price (gid, price_datefr, price_dateto, price, price_cur, price_qty, price_uon) VALUES ('74', '2023/05/10', '9999/12/31', '17300', 'RUB', '1', 'pc');
INSERT INTO price (gid, price_datefr, price_dateto, price, price_cur, price_qty, price_uon) VALUES ('75', '2023/05/10', '9999/12/31', '16500', 'RUB', '1', 'pc');
INSERT INTO price (gid, price_datefr, price_dateto, price, price_cur, price_qty, price_uon) VALUES ('76', '2023/05/10', '9999/12/31', '16000', 'RUB', '1', 'pc');
INSERT INTO price (gid, price_datefr, price_dateto, price, price_cur, price_qty, price_uon) VALUES ('77', '2023/05/10', '9999/12/31', '15500', 'RUB', '1', 'pc');
INSERT INTO price (gid, price_datefr, price_dateto, price, price_cur, price_qty, price_uon) VALUES ('78', '2023/05/10', '9999/12/31', '15400', 'RUB', '1', 'pc');
INSERT INTO price (gid, price_datefr, price_dateto, price, price_cur, price_qty, price_uon) VALUES ('79', '2023/05/10', '9999/12/31', '14300', 'RUB', '1', 'pc');
INSERT INTO price (gid, price_datefr, price_dateto, price, price_cur, price_qty, price_uon) VALUES ('80', '2023/05/10', '9999/12/31', '13000', 'RUB', '1', 'pc');
INSERT INTO price (gid, price_datefr, price_dateto, price, price_cur, price_qty, price_uon) VALUES ('81', '2023/05/10', '9999/12/31', '12500', 'RUB', '1', 'pc');
INSERT INTO price (gid, price_datefr, price_dateto, price, price_cur, price_qty, price_uon) VALUES ('82', '2023/05/10', '9999/12/31', '10700', 'RUB', '1', 'pc');
INSERT INTO price (gid, price_datefr, price_dateto, price, price_cur, price_qty, price_uon) VALUES ('83', '2023/05/10', '9999/12/31', '9300', 'RUB', '1', 'pc');
INSERT INTO price (gid, price_datefr, price_dateto, price, price_cur, price_qty, price_uon) VALUES ('84', '2023/05/10', '9999/12/31', '9000', 'RUB', '1', 'pc');
INSERT INTO price (gid, price_datefr, price_dateto, price, price_cur, price_qty, price_uon) VALUES ('85', '2023/05/10', '9999/12/31', '8500', 'RUB', '1', 'pc');
INSERT INTO price (gid, price_datefr, price_dateto, price, price_cur, price_qty, price_uon) VALUES ('86', '2023/05/10', '9999/12/31', '8300', 'RUB', '1', 'pc');
INSERT INTO price (gid, price_datefr, price_dateto, price, price_cur, price_qty, price_uon) VALUES ('87', '2023/05/10', '9999/12/31', '7800', 'RUB', '1', 'pc');
INSERT INTO price (gid, price_datefr, price_dateto, price, price_cur, price_qty, price_uon) VALUES ('88', '2023/05/10', '9999/12/31', '5800', 'RUB', '1', 'pc');
INSERT INTO price (gid, price_datefr, price_dateto, price, price_cur, price_qty, price_uon) VALUES ('89', '2023/05/10', '9999/12/31', '61500', 'RUB', '1', 'pc');
INSERT INTO price (gid, price_datefr, price_dateto, price, price_cur, price_qty, price_uon) VALUES ('90', '2023/05/10', '9999/12/31', '58700', 'RUB', '1', 'pc');
INSERT INTO price (gid, price_datefr, price_dateto, price, price_cur, price_qty, price_uon) VALUES ('91', '2023/05/10', '9999/12/31', '36000', 'RUB', '1', 'pc');
INSERT INTO price (gid, price_datefr, price_dateto, price, price_cur, price_qty, price_uon) VALUES ('92', '2023/05/10', '9999/12/31', '19800', 'RUB', '1', 'pc');
INSERT INTO price (gid, price_datefr, price_dateto, price, price_cur, price_qty, price_uon) VALUES ('93', '2023/05/10', '9999/12/31', '9500', 'RUB', '1', 'pc');
INSERT INTO price (gid, price_datefr, price_dateto, price, price_cur, price_qty, price_uon) VALUES ('94', '2023/05/10', '9999/12/31', '35000', 'RUB', '1', 'kg');
INSERT INTO price (gid, price_datefr, price_dateto, price, price_cur, price_qty, price_uon) VALUES ('95', '2023/05/10', '9999/12/31', '34000', 'RUB', '1', 'kg');
INSERT INTO price (gid, price_datefr, price_dateto, price, price_cur, price_qty, price_uon) VALUES ('96', '2023/05/10', '9999/12/31', '30800', 'RUB', '1', 'kg');
INSERT INTO price (gid, price_datefr, price_dateto, price, price_cur, price_qty, price_uon) VALUES ('97', '2023/05/10', '9999/12/31', '30700', 'RUB', '1', 'kg');
INSERT INTO price (gid, price_datefr, price_dateto, price, price_cur, price_qty, price_uon) VALUES ('98', '2023/05/10', '9999/12/31', '29700', 'RUB', '1', 'kg');
INSERT INTO price (gid, price_datefr, price_dateto, price, price_cur, price_qty, price_uon) VALUES ('99', '2023/05/10', '9999/12/31', '29500', 'RUB', '1', 'kg');
INSERT INTO price (gid, price_datefr, price_dateto, price, price_cur, price_qty, price_uon) VALUES ('100', '2023/05/10', '9999/12/31', '29200', 'RUB', '1', 'pc');
INSERT INTO price (gid, price_datefr, price_dateto, price, price_cur, price_qty, price_uon) VALUES ('101', '2023/05/10', '9999/12/31', '19200', 'RUB', '1', 'kg');
INSERT INTO price (gid, price_datefr, price_dateto, price, price_cur, price_qty, price_uon) VALUES ('102', '2023/05/10', '9999/12/31', '19800', 'RUB', '1', 'pc');
INSERT INTO price (gid, price_datefr, price_dateto, price, price_cur, price_qty, price_uon) VALUES ('103', '2023/05/10', '9999/12/31', '19400', 'RUB', '1', 'kg');
INSERT INTO price (gid, price_datefr, price_dateto, price, price_cur, price_qty, price_uon) VALUES ('104', '2023/05/10', '9999/12/31', '19000', 'RUB', '1', 'kg');
INSERT INTO price (gid, price_datefr, price_dateto, price, price_cur, price_qty, price_uon) VALUES ('105', '2023/05/10', '9999/12/31', '18400', 'RUB', '1', 'pc');
INSERT INTO price (gid, price_datefr, price_dateto, price, price_cur, price_qty, price_uon) VALUES ('106', '2023/05/10', '9999/12/31', '17400', 'RUB', '1', 'pc');
INSERT INTO price (gid, price_datefr, price_dateto, price, price_cur, price_qty, price_uon) VALUES ('107', '2023/05/10', '9999/12/31', '16800', 'RUB', '1', 'kg');
INSERT INTO price (gid, price_datefr, price_dateto, price, price_cur, price_qty, price_uon) VALUES ('108', '2023/05/10', '9999/12/31', '16400', 'RUB', '1', 'pc');
INSERT INTO price (gid, price_datefr, price_dateto, price, price_cur, price_qty, price_uon) VALUES ('109', '2023/05/10', '9999/12/31', '16000', 'RUB', '1', 'kg');
INSERT INTO price (gid, price_datefr, price_dateto, price, price_cur, price_qty, price_uon) VALUES ('110', '2023/05/10', '9999/12/31', '13800', 'RUB', '1', 'pc');
INSERT INTO price (gid, price_datefr, price_dateto, price, price_cur, price_qty, price_uon) VALUES ('111', '2023/05/10', '9999/12/31', '12500', 'RUB', '1', 'kg');
INSERT INTO price (gid, price_datefr, price_dateto, price, price_cur, price_qty, price_uon) VALUES ('112', '2023/05/10', '9999/12/31', '11200', 'RUB', '1', 'pc');
INSERT INTO price (gid, price_datefr, price_dateto, price, price_cur, price_qty, price_uon) VALUES ('113', '2023/05/10', '9999/12/31', '34000', 'RUB', '1', 'kg');
INSERT INTO price (gid, price_datefr, price_dateto, price, price_cur, price_qty, price_uon) VALUES ('114', '2023/05/10', '9999/12/31', '30800', 'RUB', '1', 'kg');
INSERT INTO price (gid, price_datefr, price_dateto, price, price_cur, price_qty, price_uon) VALUES ('115', '2023/05/10', '9999/12/31', '29800', 'RUB', '1', 'pc');
INSERT INTO price (gid, price_datefr, price_dateto, price, price_cur, price_qty, price_uon) VALUES ('116', '2023/05/10', '9999/12/31', '29500', 'RUB', '1', 'kg');
INSERT INTO price (gid, price_datefr, price_dateto, price, price_cur, price_qty, price_uon) VALUES ('117', '2023/05/10', '9999/12/31', '28000', 'RUB', '1', 'kg');
INSERT INTO price (gid, price_datefr, price_dateto, price, price_cur, price_qty, price_uon) VALUES ('118', '2023/05/10', '9999/12/31', '24800', 'RUB', '1', 'kg');
INSERT INTO price (gid, price_datefr, price_dateto, price, price_cur, price_qty, price_uon) VALUES ('119', '2023/05/10', '9999/12/31', '24500', 'RUB', '1', 'kg');
INSERT INTO price (gid, price_datefr, price_dateto, price, price_cur, price_qty, price_uon) VALUES ('120', '2023/05/10', '9999/12/31', '24500', 'RUB', '1', 'kg');
INSERT INTO price (gid, price_datefr, price_dateto, price, price_cur, price_qty, price_uon) VALUES ('121', '2023/05/10', '9999/12/31', '22000', 'RUB', '1', 'kg');
INSERT INTO price (gid, price_datefr, price_dateto, price, price_cur, price_qty, price_uon) VALUES ('122', '2023/05/10', '9999/12/31', '19500', 'RUB', '1', 'pc');
INSERT INTO price (gid, price_datefr, price_dateto, price, price_cur, price_qty, price_uon) VALUES ('123', '2023/05/10', '9999/12/31', '18700', 'RUB', '1', 'pc');
INSERT INTO price (gid, price_datefr, price_dateto, price, price_cur, price_qty, price_uon) VALUES ('124', '2023/05/10', '9999/12/31', '18500', 'RUB', '1', 'pc');
INSERT INTO price (gid, price_datefr, price_dateto, price, price_cur, price_qty, price_uon) VALUES ('125', '2023/05/10', '9999/12/31', '17500', 'RUB', '1', 'kg');
INSERT INTO price (gid, price_datefr, price_dateto, price, price_cur, price_qty, price_uon) VALUES ('126', '2023/05/10', '9999/12/31', '17400', 'RUB', '1', 'kg');
INSERT INTO price (gid, price_datefr, price_dateto, price, price_cur, price_qty, price_uon) VALUES ('127', '2023/05/10', '9999/12/31', '13400', 'RUB', '1', 'pc');

INSERT INTO measurelot (gid, measurelot_weight_mainuon, measurelot_nweight_appr, measurelot_nweight_qty, measurelot_nweight_uon, measurelot_weight_appr, measurelot_weight_qty, measurelot_weight_uon) VALUES ('1', 'g', 'FALSE', '1', 'pc', 'TRUE', '260', 'g');
INSERT INTO measurelot (gid, measurelot_weight_mainuon, measurelot_nweight_appr, measurelot_nweight_qty, measurelot_nweight_uon, measurelot_weight_appr, measurelot_weight_qty, measurelot_weight_uon) VALUES ('2', 'g', 'FALSE', '1', 'pc', 'TRUE', '240', 'g');
INSERT INTO measurelot (gid, measurelot_weight_mainuon, measurelot_nweight_appr, measurelot_nweight_qty, measurelot_nweight_uon, measurelot_weight_appr, measurelot_weight_qty, measurelot_weight_uon) VALUES ('3', 'g', 'FALSE', '1', 'pc', 'TRUE', '170', 'g');
INSERT INTO measurelot (gid, measurelot_weight_mainuon, measurelot_nweight_appr, measurelot_nweight_qty, measurelot_nweight_uon, measurelot_weight_appr, measurelot_weight_qty, measurelot_weight_uon) VALUES ('4', 'g', 'FALSE', '1', 'pc', 'TRUE', '280', 'g');
INSERT INTO measurelot (gid, measurelot_weight_mainuon, measurelot_nweight_appr, measurelot_nweight_qty, measurelot_nweight_uon, measurelot_weight_appr, measurelot_weight_qty, measurelot_weight_uon) VALUES ('5', 'g', 'FALSE', '1', 'pc', 'TRUE', '390', 'g');
INSERT INTO measurelot (gid, measurelot_weight_mainuon, measurelot_nweight_appr, measurelot_nweight_qty, measurelot_nweight_uon, measurelot_weight_appr, measurelot_weight_qty, measurelot_weight_uon) VALUES ('6', 'g', 'FALSE', '1', 'pc', 'TRUE', '220', 'g');
INSERT INTO measurelot (gid, measurelot_weight_mainuon, measurelot_nweight_appr, measurelot_nweight_qty, measurelot_nweight_uon, measurelot_weight_appr, measurelot_weight_qty, measurelot_weight_uon) VALUES ('7', 'g', 'FALSE', '1', 'pc', 'TRUE', '310', 'g');
INSERT INTO measurelot (gid, measurelot_weight_mainuon, measurelot_nweight_appr, measurelot_nweight_qty, measurelot_nweight_uon, measurelot_weight_appr, measurelot_weight_qty, measurelot_weight_uon) VALUES ('8', 'g', 'FALSE', '1', 'pc', 'FALSE', '180', 'g');
INSERT INTO measurelot (gid, measurelot_weight_mainuon, measurelot_nweight_appr, measurelot_nweight_qty, measurelot_nweight_uon, measurelot_weight_appr, measurelot_weight_qty, measurelot_weight_uon) VALUES ('9', 'g', 'FALSE', '1', 'pc', 'FALSE', '350', 'g');
INSERT INTO measurelot (gid, measurelot_weight_mainuon, measurelot_nweight_appr, measurelot_nweight_qty, measurelot_nweight_uon, measurelot_weight_appr, measurelot_weight_qty, measurelot_weight_uon) VALUES ('10', 'g', 'FALSE', '1', 'pc', 'FALSE', '200', 'g');
INSERT INTO measurelot (gid, measurelot_weight_mainuon, measurelot_nweight_appr, measurelot_nweight_qty, measurelot_nweight_uon, measurelot_weight_appr, measurelot_weight_qty, measurelot_weight_uon) VALUES ('11', 'g', 'FALSE', '1', 'pc', 'FALSE', '125', 'g');
INSERT INTO measurelot (gid, measurelot_weight_mainuon, measurelot_nweight_appr, measurelot_nweight_qty, measurelot_nweight_uon, measurelot_weight_appr, measurelot_weight_qty, measurelot_weight_uon) VALUES ('12', 'g', 'FALSE', '1', 'pc', 'FALSE', '150', 'g');
INSERT INTO measurelot (gid, measurelot_weight_mainuon, measurelot_nweight_appr, measurelot_nweight_qty, measurelot_nweight_uon, measurelot_weight_appr, measurelot_weight_qty, measurelot_weight_uon) VALUES ('13', 'g', 'FALSE', '1', 'pc', 'FALSE', '140', 'g');
INSERT INTO measurelot (gid, measurelot_weight_mainuon, measurelot_nweight_appr, measurelot_nweight_qty, measurelot_nweight_uon, measurelot_weight_appr, measurelot_weight_qty, measurelot_weight_uon) VALUES ('14', 'g', 'FALSE', '1', 'pc', 'FALSE', '200', 'g');
INSERT INTO measurelot (gid, measurelot_weight_mainuon, measurelot_nweight_appr, measurelot_nweight_qty, measurelot_nweight_uon, measurelot_weight_appr, measurelot_weight_qty, measurelot_weight_uon) VALUES ('15', 'g', 'FALSE', '1', 'pc', 'FALSE', '150', 'g');
INSERT INTO measurelot (gid, measurelot_weight_mainuon, measurelot_nweight_appr, measurelot_nweight_qty, measurelot_nweight_uon, measurelot_weight_appr, measurelot_weight_qty, measurelot_weight_uon) VALUES ('16', 'g', 'FALSE', '1', 'pc', 'FALSE', '140', 'g');
INSERT INTO measurelot (gid, measurelot_weight_mainuon, measurelot_nweight_appr, measurelot_nweight_qty, measurelot_nweight_uon, measurelot_weight_appr, measurelot_weight_qty, measurelot_weight_uon) VALUES ('17', 'g', 'FALSE', '1', 'pc', 'FALSE', '400', 'g');
INSERT INTO measurelot (gid, measurelot_weight_mainuon, measurelot_nweight_appr, measurelot_nweight_qty, measurelot_nweight_uon, measurelot_weight_appr, measurelot_weight_qty, measurelot_weight_uon) VALUES ('18', 'g', 'FALSE', '1', 'pc', 'FALSE', '200', 'g');
INSERT INTO measurelot (gid, measurelot_weight_mainuon, measurelot_nweight_appr, measurelot_nweight_qty, measurelot_nweight_uon, measurelot_weight_appr, measurelot_weight_qty, measurelot_weight_uon) VALUES ('19', 'g', 'FALSE', '1', 'pc', 'FALSE', '250', 'g');
INSERT INTO measurelot (gid, measurelot_weight_mainuon, measurelot_nweight_appr, measurelot_nweight_qty, measurelot_nweight_uon, measurelot_weight_appr, measurelot_weight_qty, measurelot_weight_uon) VALUES ('20', 'g', 'FALSE', '1', 'pc', 'FALSE', '100', 'g');
INSERT INTO measurelot (gid, measurelot_weight_mainuon, measurelot_nweight_appr, measurelot_nweight_qty, measurelot_nweight_uon, measurelot_weight_appr, measurelot_weight_qty, measurelot_weight_uon) VALUES ('21', 'g', 'FALSE', '1', 'pc', 'FALSE', '150', 'g');
INSERT INTO measurelot (gid, measurelot_weight_mainuon, measurelot_nweight_appr, measurelot_nweight_qty, measurelot_nweight_uon, measurelot_weight_appr, measurelot_weight_qty, measurelot_weight_uon) VALUES ('22', 'g', 'FALSE', '1', 'pc', 'FALSE', '200', 'g');
INSERT INTO measurelot (gid, measurelot_weight_mainuon, measurelot_nweight_appr, measurelot_nweight_qty, measurelot_nweight_uon, measurelot_weight_appr, measurelot_weight_qty, measurelot_weight_uon) VALUES ('23', 'g', 'FALSE', '1', 'pc', 'FALSE', '150', 'g');
INSERT INTO measurelot (gid, measurelot_weight_mainuon, measurelot_nweight_appr, measurelot_nweight_qty, measurelot_nweight_uon, measurelot_weight_appr, measurelot_weight_qty, measurelot_weight_uon) VALUES ('24', 'g', 'FALSE', '1', 'pc', 'FALSE', '200', 'g');
INSERT INTO measurelot (gid, measurelot_weight_mainuon, measurelot_nweight_appr, measurelot_nweight_qty, measurelot_nweight_uon, measurelot_weight_appr, measurelot_weight_qty, measurelot_weight_uon) VALUES ('25', 'g', 'FALSE', '1', 'pc', 'FALSE', '140', 'g');
INSERT INTO measurelot (gid, measurelot_weight_mainuon, measurelot_nweight_appr, measurelot_nweight_qty, measurelot_nweight_uon, measurelot_weight_appr, measurelot_weight_qty, measurelot_weight_uon) VALUES ('26', 'g', 'FALSE', '1', 'pc', 'FALSE', '150', 'g');
INSERT INTO measurelot (gid, measurelot_weight_mainuon, measurelot_nweight_appr, measurelot_nweight_qty, measurelot_nweight_uon, measurelot_weight_appr, measurelot_weight_qty, measurelot_weight_uon) VALUES ('27', 'g', 'FALSE', '1', 'pc', 'FALSE', '150', 'g');
INSERT INTO measurelot (gid, measurelot_weight_mainuon, measurelot_nweight_appr, measurelot_nweight_qty, measurelot_nweight_uon, measurelot_weight_appr, measurelot_weight_qty, measurelot_weight_uon) VALUES ('28', 'g', 'FALSE', '1', 'pc', 'FALSE', '120', 'g');
INSERT INTO measurelot (gid, measurelot_weight_mainuon, measurelot_nweight_appr, measurelot_nweight_qty, measurelot_nweight_uon, measurelot_weight_appr, measurelot_weight_qty, measurelot_weight_uon) VALUES ('29', 'g', 'FALSE', '1', 'pc', 'FALSE', '100', 'g');
INSERT INTO measurelot (gid, measurelot_weight_mainuon, measurelot_nweight_appr, measurelot_nweight_qty, measurelot_nweight_uon, measurelot_weight_appr, measurelot_weight_qty, measurelot_weight_uon) VALUES ('30', 'g', 'FALSE', '1', 'pc', 'FALSE', '100', 'g');
INSERT INTO measurelot (gid, measurelot_weight_mainuon, measurelot_nweight_appr, measurelot_nweight_qty, measurelot_nweight_uon, measurelot_weight_appr, measurelot_weight_qty, measurelot_weight_uon) VALUES ('31', 'g', 'FALSE', '1', 'pc', 'FALSE', '150', 'g');
INSERT INTO measurelot (gid, measurelot_weight_mainuon, measurelot_nweight_appr, measurelot_nweight_qty, measurelot_nweight_uon, measurelot_weight_appr, measurelot_weight_qty, measurelot_weight_uon) VALUES ('32', 'g', 'FALSE', '1', 'pc', 'FALSE', '150', 'g');
INSERT INTO measurelot (gid, measurelot_weight_mainuon, measurelot_nweight_appr, measurelot_nweight_qty, measurelot_nweight_uon, measurelot_weight_appr, measurelot_weight_qty, measurelot_weight_uon) VALUES ('33', 'g', 'FALSE', '1', 'pc', 'FALSE', '150', 'g');
INSERT INTO measurelot (gid, measurelot_weight_mainuon, measurelot_nweight_appr, measurelot_nweight_qty, measurelot_nweight_uon, measurelot_weight_appr, measurelot_weight_qty, measurelot_weight_uon) VALUES ('34', 'g', 'FALSE', '1', 'pc', 'FALSE', '200', 'g');
INSERT INTO measurelot (gid, measurelot_weight_mainuon, measurelot_nweight_appr, measurelot_nweight_qty, measurelot_nweight_uon, measurelot_weight_appr, measurelot_weight_qty, measurelot_weight_uon) VALUES ('35', 'g', 'FALSE', '1', 'pc', 'FALSE', '55', 'g');
INSERT INTO measurelot (gid, measurelot_weight_mainuon, measurelot_nweight_appr, measurelot_nweight_qty, measurelot_nweight_uon, measurelot_weight_appr, measurelot_weight_qty, measurelot_weight_uon) VALUES ('36', 'g', 'FALSE', '1', 'pc', 'FALSE', '150', 'g');
INSERT INTO measurelot (gid, measurelot_weight_mainuon, measurelot_nweight_appr, measurelot_nweight_qty, measurelot_nweight_uon, measurelot_weight_appr, measurelot_weight_qty, measurelot_weight_uon) VALUES ('37', 'g', 'FALSE', '1', 'pc', 'FALSE', '50', 'g');
INSERT INTO measurelot (gid, measurelot_weight_mainuon, measurelot_nweight_appr, measurelot_nweight_qty, measurelot_nweight_uon, measurelot_weight_appr, measurelot_weight_qty, measurelot_weight_uon) VALUES ('38', 'g', 'FALSE', '1', 'pc', 'FALSE', '100', 'g');
INSERT INTO measurelot (gid, measurelot_weight_mainuon, measurelot_nweight_appr, measurelot_nweight_qty, measurelot_nweight_uon, measurelot_weight_appr, measurelot_weight_qty, measurelot_weight_uon) VALUES ('39', 'g', 'FALSE', '1', 'pc', 'FALSE', '40', 'g');
INSERT INTO measurelot (gid, measurelot_weight_mainuon, measurelot_nweight_appr, measurelot_nweight_qty, measurelot_nweight_uon, measurelot_weight_appr, measurelot_weight_qty, measurelot_weight_uon) VALUES ('40', 'g', 'FALSE', '1', 'pc', 'FALSE', '40', 'g');
INSERT INTO measurelot (gid, measurelot_weight_mainuon, measurelot_nweight_appr, measurelot_nweight_qty, measurelot_nweight_uon, measurelot_weight_appr, measurelot_weight_qty, measurelot_weight_uon) VALUES ('41', 'g', 'FALSE', '1', 'pc', 'FALSE', '75', 'g');
INSERT INTO measurelot (gid, measurelot_weight_mainuon, measurelot_nweight_appr, measurelot_nweight_qty, measurelot_nweight_uon, measurelot_weight_appr, measurelot_weight_qty, measurelot_weight_uon) VALUES ('42', 'g', 'FALSE', '1', 'pc', 'FALSE', '75', 'g');
INSERT INTO measurelot (gid, measurelot_weight_mainuon, measurelot_nweight_appr, measurelot_nweight_qty, measurelot_nweight_uon, measurelot_weight_appr, measurelot_weight_qty, measurelot_weight_uon) VALUES ('43', 'g', 'FALSE', '1', 'pc', 'FALSE', '100', 'g');
INSERT INTO measurelot (gid, measurelot_weight_mainuon, measurelot_nweight_appr, measurelot_nweight_qty, measurelot_nweight_uon, measurelot_weight_appr, measurelot_weight_qty, measurelot_weight_uon) VALUES ('44', 'g', 'FALSE', '1', 'pc', 'FALSE', '100', 'g');
INSERT INTO measurelot (gid, measurelot_weight_mainuon, measurelot_nweight_appr, measurelot_nweight_qty, measurelot_nweight_uon, measurelot_weight_appr, measurelot_weight_qty, measurelot_weight_uon) VALUES ('45', 'g', 'FALSE', '1', 'pc', 'FALSE', '35', 'g');
INSERT INTO measurelot (gid, measurelot_weight_mainuon, measurelot_nweight_appr, measurelot_nweight_qty, measurelot_nweight_uon, measurelot_weight_appr, measurelot_weight_qty, measurelot_weight_uon) VALUES ('46', 'g', 'FALSE', '1', 'pc', 'FALSE', '37500', 'mg');
INSERT INTO measurelot (gid, measurelot_weight_mainuon, measurelot_nweight_appr, measurelot_nweight_qty, measurelot_nweight_uon, measurelot_weight_appr, measurelot_weight_qty, measurelot_weight_uon) VALUES ('47', 'g', 'FALSE', '1', 'pc', 'FALSE', '36', 'g');
INSERT INTO measurelot (gid, measurelot_weight_mainuon, measurelot_nweight_appr, measurelot_nweight_qty, measurelot_nweight_uon, measurelot_weight_appr, measurelot_weight_qty, measurelot_weight_uon) VALUES ('48', 'g', 'FALSE', '1', 'pc', 'FALSE', '375', 'g');
INSERT INTO measurelot (gid, measurelot_weight_mainuon, measurelot_nweight_appr, measurelot_nweight_qty, measurelot_nweight_uon, measurelot_weight_appr, measurelot_weight_qty, measurelot_weight_uon) VALUES ('49', 'g', 'FALSE', '1', 'pc', 'FALSE', '75', 'g');
INSERT INTO measurelot (gid, measurelot_weight_mainuon, measurelot_nweight_appr, measurelot_nweight_qty, measurelot_nweight_uon, measurelot_weight_appr, measurelot_weight_qty, measurelot_weight_uon) VALUES ('50', 'g', 'FALSE', '1', 'pc', 'FALSE', '100', 'g');
INSERT INTO measurelot (gid, measurelot_weight_mainuon, measurelot_nweight_appr, measurelot_nweight_qty, measurelot_nweight_uon, measurelot_weight_appr, measurelot_weight_qty, measurelot_weight_uon) VALUES ('51', 'g', 'FALSE', '1', 'pc', 'FALSE', '50', 'g');
INSERT INTO measurelot (gid, measurelot_weight_mainuon, measurelot_nweight_appr, measurelot_nweight_qty, measurelot_nweight_uon, measurelot_weight_appr, measurelot_weight_qty, measurelot_weight_uon) VALUES ('52', 'g', 'FALSE', '1', 'pc', 'FALSE', '50', 'g');
INSERT INTO measurelot (gid, measurelot_weight_mainuon, measurelot_nweight_appr, measurelot_nweight_qty, measurelot_nweight_uon, measurelot_weight_appr, measurelot_weight_qty, measurelot_weight_uon) VALUES ('53', 'g', 'FALSE', '1', 'pc', 'FALSE', '100', 'g');
INSERT INTO measurelot (gid, measurelot_weight_mainuon, measurelot_nweight_appr, measurelot_nweight_qty, measurelot_nweight_uon, measurelot_weight_appr, measurelot_weight_qty, measurelot_weight_uon) VALUES ('54', 'g', 'FALSE', '1', 'pc', 'FALSE', '37500', 'mg');
INSERT INTO measurelot (gid, measurelot_weight_mainuon, measurelot_nweight_appr, measurelot_nweight_qty, measurelot_nweight_uon, measurelot_weight_appr, measurelot_weight_qty, measurelot_weight_uon) VALUES ('55', 'g', 'FALSE', '1', 'pc', 'FALSE', '30', 'g');
INSERT INTO measurelot (gid, measurelot_weight_mainuon, measurelot_nweight_appr, measurelot_nweight_qty, measurelot_nweight_uon, measurelot_weight_appr, measurelot_weight_qty, measurelot_weight_uon) VALUES ('56', 'g', 'FALSE', '1', 'pc', 'FALSE', '37500', 'mg');
INSERT INTO measurelot (gid, measurelot_weight_mainuon, measurelot_nweight_appr, measurelot_nweight_qty, measurelot_nweight_uon, measurelot_weight_appr, measurelot_weight_qty, measurelot_weight_uon) VALUES ('57', 'g', 'FALSE', '1', 'pc', 'FALSE', '20', 'g');
INSERT INTO measurelot (gid, measurelot_weight_mainuon, measurelot_nweight_appr, measurelot_nweight_qty, measurelot_nweight_uon, measurelot_weight_appr, measurelot_weight_qty, measurelot_weight_uon) VALUES ('58', 'g', 'FALSE', '1', 'pc', 'FALSE', '22', 'g');
INSERT INTO measurelot (gid, measurelot_weight_mainuon, measurelot_nweight_appr, measurelot_nweight_qty, measurelot_nweight_uon, measurelot_weight_appr, measurelot_weight_qty, measurelot_weight_uon) VALUES ('59', 'g', 'FALSE', '1', 'pc', 'FALSE', '20', 'g');
INSERT INTO measurelot (gid, measurelot_weight_mainuon, measurelot_nweight_appr, measurelot_nweight_qty, measurelot_nweight_uon, measurelot_weight_appr, measurelot_weight_qty, measurelot_weight_uon) VALUES ('60', 'g', 'FALSE', '1', 'pc', 'FALSE', '23', 'g');
INSERT INTO measurelot (gid, measurelot_weight_mainuon, measurelot_nweight_appr, measurelot_nweight_qty, measurelot_nweight_uon, measurelot_weight_appr, measurelot_weight_qty, measurelot_weight_uon) VALUES ('61', 'g', 'FALSE', '1', 'pc', 'FALSE', '500', 'g');
INSERT INTO measurelot (gid, measurelot_weight_mainuon, measurelot_nweight_appr, measurelot_nweight_qty, measurelot_nweight_uon, measurelot_weight_appr, measurelot_weight_qty, measurelot_weight_uon) VALUES ('62', 'g', 'FALSE', '1', 'pc', 'FALSE', '500', 'g');
INSERT INTO measurelot (gid, measurelot_weight_mainuon, measurelot_nweight_appr, measurelot_nweight_qty, measurelot_nweight_uon, measurelot_weight_appr, measurelot_weight_qty, measurelot_weight_uon) VALUES ('63', 'g', 'FALSE', '1', 'pc', 'FALSE', '500', 'g');
INSERT INTO measurelot (gid, measurelot_weight_mainuon, measurelot_nweight_appr, measurelot_nweight_qty, measurelot_nweight_uon, measurelot_weight_appr, measurelot_weight_qty, measurelot_weight_uon) VALUES ('64', 'g', 'FALSE', '1', 'pc', 'FALSE', '220', 'g');
INSERT INTO measurelot (gid, measurelot_weight_mainuon, measurelot_nweight_appr, measurelot_nweight_qty, measurelot_nweight_uon, measurelot_weight_appr, measurelot_weight_qty, measurelot_weight_uon) VALUES ('65', 'g', 'FALSE', '1', 'pc', 'FALSE', '420', 'g');
INSERT INTO measurelot (gid, measurelot_weight_mainuon, measurelot_nweight_appr, measurelot_nweight_qty, measurelot_nweight_uon, measurelot_weight_appr, measurelot_weight_qty, measurelot_weight_uon) VALUES ('66', 'g', 'FALSE', '1', 'pc', 'FALSE', '220', 'g');
INSERT INTO measurelot (gid, measurelot_weight_mainuon, measurelot_nweight_appr, measurelot_nweight_qty, measurelot_nweight_uon, measurelot_weight_appr, measurelot_weight_qty, measurelot_weight_uon) VALUES ('67', 'g', 'FALSE', '1', 'pc', 'FALSE', '400', 'g');
INSERT INTO measurelot (gid, measurelot_weight_mainuon, measurelot_nweight_appr, measurelot_nweight_qty, measurelot_nweight_uon, measurelot_weight_appr, measurelot_weight_qty, measurelot_weight_uon) VALUES ('68', 'g', 'FALSE', '1', 'pc', 'FALSE', '300', 'g');
INSERT INTO measurelot (gid, measurelot_weight_mainuon, measurelot_nweight_appr, measurelot_nweight_qty, measurelot_nweight_uon, measurelot_weight_appr, measurelot_weight_qty, measurelot_weight_uon) VALUES ('69', 'g', 'FALSE', '1', 'pc', 'FALSE', '200', 'g');
INSERT INTO measurelot (gid, measurelot_weight_mainuon, measurelot_nweight_appr, measurelot_nweight_qty, measurelot_nweight_uon, measurelot_weight_appr, measurelot_weight_qty, measurelot_weight_uon) VALUES ('70', 'g', 'FALSE', '1', 'pc', 'FALSE', '250', 'g');
INSERT INTO measurelot (gid, measurelot_weight_mainuon, measurelot_nweight_appr, measurelot_nweight_qty, measurelot_nweight_uon, measurelot_weight_appr, measurelot_weight_qty, measurelot_weight_uon) VALUES ('71', 'g', 'FALSE', '1', 'pc', 'FALSE', '120', 'g');
INSERT INTO measurelot (gid, measurelot_weight_mainuon, measurelot_nweight_appr, measurelot_nweight_qty, measurelot_nweight_uon, measurelot_weight_appr, measurelot_weight_qty, measurelot_weight_uon) VALUES ('72', 'g', 'FALSE', '1', 'pc', 'FALSE', '35', 'g');
INSERT INTO measurelot (gid, measurelot_weight_mainuon, measurelot_nweight_appr, measurelot_nweight_qty, measurelot_nweight_uon, measurelot_weight_appr, measurelot_weight_qty, measurelot_weight_uon) VALUES ('73', 'g', 'FALSE', '1', 'pc', 'FALSE', '150', 'g');
INSERT INTO measurelot (gid, measurelot_weight_mainuon, measurelot_nweight_appr, measurelot_nweight_qty, measurelot_nweight_uon, measurelot_weight_appr, measurelot_weight_qty, measurelot_weight_uon) VALUES ('74', 'g', 'FALSE', '1', 'pc', 'FALSE', '100', 'g');
INSERT INTO measurelot (gid, measurelot_weight_mainuon, measurelot_nweight_appr, measurelot_nweight_qty, measurelot_nweight_uon, measurelot_weight_appr, measurelot_weight_qty, measurelot_weight_uon) VALUES ('75', 'g', 'FALSE', '1', 'pc', 'FALSE', '160', 'g');
INSERT INTO measurelot (gid, measurelot_weight_mainuon, measurelot_nweight_appr, measurelot_nweight_qty, measurelot_nweight_uon, measurelot_weight_appr, measurelot_weight_qty, measurelot_weight_uon) VALUES ('76', 'g', 'FALSE', '1', 'pc', 'FALSE', '190', 'g');
INSERT INTO measurelot (gid, measurelot_weight_mainuon, measurelot_nweight_appr, measurelot_nweight_qty, measurelot_nweight_uon, measurelot_weight_appr, measurelot_weight_qty, measurelot_weight_uon) VALUES ('77', 'g', 'FALSE', '1', 'pc', 'FALSE', '400', 'g');
INSERT INTO measurelot (gid, measurelot_weight_mainuon, measurelot_nweight_appr, measurelot_nweight_qty, measurelot_nweight_uon, measurelot_weight_appr, measurelot_weight_qty, measurelot_weight_uon) VALUES ('78', 'g', 'FALSE', '1', 'pc', 'FALSE', '130', 'g');
INSERT INTO measurelot (gid, measurelot_weight_mainuon, measurelot_nweight_appr, measurelot_nweight_qty, measurelot_nweight_uon, measurelot_weight_appr, measurelot_weight_qty, measurelot_weight_uon) VALUES ('79', 'g', 'FALSE', '1', 'pc', 'FALSE', '150', 'g');
INSERT INTO measurelot (gid, measurelot_weight_mainuon, measurelot_nweight_appr, measurelot_nweight_qty, measurelot_nweight_uon, measurelot_weight_appr, measurelot_weight_qty, measurelot_weight_uon) VALUES ('80', 'g', 'FALSE', '1', 'pc', 'FALSE', '100', 'g');
INSERT INTO measurelot (gid, measurelot_weight_mainuon, measurelot_nweight_appr, measurelot_nweight_qty, measurelot_nweight_uon, measurelot_weight_appr, measurelot_weight_qty, measurelot_weight_uon) VALUES ('81', 'g', 'FALSE', '1', 'pc', 'FALSE', '100', 'g');
INSERT INTO measurelot (gid, measurelot_weight_mainuon, measurelot_nweight_appr, measurelot_nweight_qty, measurelot_nweight_uon, measurelot_weight_appr, measurelot_weight_qty, measurelot_weight_uon) VALUES ('82', 'g', 'FALSE', '1', 'pc', 'FALSE', '80', 'g');
INSERT INTO measurelot (gid, measurelot_weight_mainuon, measurelot_nweight_appr, measurelot_nweight_qty, measurelot_nweight_uon, measurelot_weight_appr, measurelot_weight_qty, measurelot_weight_uon) VALUES ('83', 'g', 'FALSE', '1', 'pc', 'FALSE', '80', 'g');
INSERT INTO measurelot (gid, measurelot_weight_mainuon, measurelot_nweight_appr, measurelot_nweight_qty, measurelot_nweight_uon, measurelot_weight_appr, measurelot_weight_qty, measurelot_weight_uon) VALUES ('84', 'g', 'FALSE', '1', 'pc', 'FALSE', '180', 'g');
INSERT INTO measurelot (gid, measurelot_weight_mainuon, measurelot_nweight_appr, measurelot_nweight_qty, measurelot_nweight_uon, measurelot_weight_appr, measurelot_weight_qty, measurelot_weight_uon) VALUES ('85', 'g', 'FALSE', '1', 'pc', 'FALSE', '150', 'g');
INSERT INTO measurelot (gid, measurelot_weight_mainuon, measurelot_nweight_appr, measurelot_nweight_qty, measurelot_nweight_uon, measurelot_weight_appr, measurelot_weight_qty, measurelot_weight_uon) VALUES ('86', 'g', 'FALSE', '1', 'pc', 'FALSE', '80', 'g');
INSERT INTO measurelot (gid, measurelot_weight_mainuon, measurelot_nweight_appr, measurelot_nweight_qty, measurelot_nweight_uon, measurelot_weight_appr, measurelot_weight_qty, measurelot_weight_uon) VALUES ('87', 'g', 'FALSE', '1', 'pc', 'FALSE', '70', 'g');
INSERT INTO measurelot (gid, measurelot_weight_mainuon, measurelot_nweight_appr, measurelot_nweight_qty, measurelot_nweight_uon, measurelot_weight_appr, measurelot_weight_qty, measurelot_weight_uon) VALUES ('88', 'g', 'FALSE', '1', 'pc', 'FALSE', '150', 'g');
INSERT INTO measurelot (gid, measurelot_weight_mainuon, measurelot_nweight_appr, measurelot_nweight_qty, measurelot_nweight_uon, measurelot_weight_appr, measurelot_weight_qty, measurelot_weight_uon) VALUES ('89', 'g', 'FALSE', '1', 'pc', 'FALSE', '500', 'g');
INSERT INTO measurelot (gid, measurelot_weight_mainuon, measurelot_nweight_appr, measurelot_nweight_qty, measurelot_nweight_uon, measurelot_weight_appr, measurelot_weight_qty, measurelot_weight_uon) VALUES ('90', 'g', 'FALSE', '1', 'pc', 'FALSE', '500', 'g');
INSERT INTO measurelot (gid, measurelot_weight_mainuon, measurelot_nweight_appr, measurelot_nweight_qty, measurelot_nweight_uon, measurelot_weight_appr, measurelot_weight_qty, measurelot_weight_uon) VALUES ('91', 'g', 'FALSE', '1', 'pc', 'FALSE', '250', 'g');
INSERT INTO measurelot (gid, measurelot_weight_mainuon, measurelot_nweight_appr, measurelot_nweight_qty, measurelot_nweight_uon, measurelot_weight_appr, measurelot_weight_qty, measurelot_weight_uon) VALUES ('92', 'g', 'FALSE', '1', 'pc', 'FALSE', '300', 'g');
INSERT INTO measurelot (gid, measurelot_weight_mainuon, measurelot_nweight_appr, measurelot_nweight_qty, measurelot_nweight_uon, measurelot_weight_appr, measurelot_weight_qty, measurelot_weight_uon) VALUES ('93', 'g', 'FALSE', '1', 'pc', 'FALSE', '85', 'g');
INSERT INTO measurelot (gid, measurelot_weight_mainuon, measurelot_weight_appr, measurelot_weight_qty, measurelot_weight_uon) VALUES ('94', 'kg', 'TRUE', '1280', 'g');
INSERT INTO measurelot (gid, measurelot_weight_mainuon, measurelot_weight_appr, measurelot_weight_qty, measurelot_weight_uon) VALUES ('95', 'g', 'TRUE', '780', 'g');
INSERT INTO measurelot (gid, measurelot_weight_mainuon, measurelot_weight_appr, measurelot_weight_qty, measurelot_weight_uon) VALUES ('96', 'g', 'TRUE', '650', 'g');
INSERT INTO measurelot (gid, measurelot_weight_mainuon, measurelot_weight_appr, measurelot_weight_qty, measurelot_weight_uon) VALUES ('97', 'g', 'TRUE', '600', 'g');
INSERT INTO measurelot (gid, measurelot_weight_mainuon, measurelot_weight_appr, measurelot_weight_qty, measurelot_weight_uon) VALUES ('98', 'g', 'TRUE', '570', 'g');
INSERT INTO measurelot (gid, measurelot_weight_mainuon, measurelot_weight_appr, measurelot_weight_qty, measurelot_weight_uon) VALUES ('99', 'g', 'TRUE', '690', 'g');
INSERT INTO measurelot (gid, measurelot_weight_mainuon, measurelot_nweight_appr, measurelot_nweight_qty, measurelot_nweight_uon, measurelot_weight_appr, measurelot_weight_qty, measurelot_weight_uon) VALUES ('100', 'g', 'FALSE', '1', 'pc', 'FALSE', '700', 'g');
INSERT INTO measurelot (gid, measurelot_weight_mainuon, measurelot_weight_appr, measurelot_weight_qty, measurelot_weight_uon) VALUES ('101', 'g', 'TRUE', '870', 'g');
INSERT INTO measurelot (gid, measurelot_weight_mainuon, measurelot_nweight_appr, measurelot_nweight_qty, measurelot_nweight_uon, measurelot_weight_appr, measurelot_weight_qty, measurelot_weight_uon) VALUES ('102', 'g', 'FALSE', '1', 'pc', 'FALSE', '250', 'g');
INSERT INTO measurelot (gid, measurelot_weight_mainuon, measurelot_weight_appr, measurelot_weight_qty, measurelot_weight_uon) VALUES ('103', 'g', 'TRUE', '830', 'g');
INSERT INTO measurelot (gid, measurelot_weight_mainuon, measurelot_weight_appr, measurelot_weight_qty, measurelot_weight_uon) VALUES ('104', 'kg', 'TRUE', '1700', 'g');
INSERT INTO measurelot (gid, measurelot_weight_mainuon, measurelot_nweight_appr, measurelot_nweight_qty, measurelot_nweight_uon, measurelot_weight_appr, measurelot_weight_qty, measurelot_weight_uon) VALUES ('105', 'g', 'FALSE', '1', 'pc', 'FALSE', '200', 'g');
INSERT INTO measurelot (gid, measurelot_weight_mainuon, measurelot_nweight_appr, measurelot_nweight_qty, measurelot_nweight_uon, measurelot_weight_appr, measurelot_weight_qty, measurelot_weight_uon) VALUES ('106', 'g', 'FALSE', '1', 'pc', 'FALSE', '150', 'g');
INSERT INTO measurelot (gid, measurelot_weight_mainuon, measurelot_weight_appr, measurelot_weight_qty, measurelot_weight_uon) VALUES ('107', 'g', 'TRUE', '720', 'g');
INSERT INTO measurelot (gid, measurelot_weight_mainuon, measurelot_nweight_appr, measurelot_nweight_qty, measurelot_nweight_uon, measurelot_weight_appr, measurelot_weight_qty, measurelot_weight_uon) VALUES ('108', 'g', 'FALSE', '1', 'pc', 'FALSE', '450', 'g');
INSERT INTO measurelot (gid, measurelot_weight_mainuon, measurelot_weight_appr, measurelot_weight_qty, measurelot_weight_uon) VALUES ('109', 'g', 'TRUE', '250', 'g');
INSERT INTO measurelot (gid, measurelot_weight_mainuon, measurelot_nweight_appr, measurelot_nweight_qty, measurelot_nweight_uon, measurelot_weight_appr, measurelot_weight_qty, measurelot_weight_uon) VALUES ('110', 'g', 'FALSE', '1', 'pc', 'FALSE', '200', 'g');
INSERT INTO measurelot (gid, measurelot_weight_mainuon, measurelot_weight_appr, measurelot_weight_qty, measurelot_weight_uon) VALUES ('111', 'g', 'TRUE', '840', 'g');
INSERT INTO measurelot (gid, measurelot_weight_mainuon, measurelot_nweight_appr, measurelot_nweight_qty, measurelot_nweight_uon, measurelot_weight_appr, measurelot_weight_qty, measurelot_weight_uon) VALUES ('112', 'g', 'FALSE', '1', 'pc', 'FALSE', '300', 'g');
INSERT INTO measurelot (gid, measurelot_weight_mainuon, measurelot_weight_appr, measurelot_weight_qty, measurelot_weight_uon) VALUES ('113', 'g', 'TRUE', '270', 'g');
INSERT INTO measurelot (gid, measurelot_weight_mainuon, measurelot_weight_appr, measurelot_weight_qty, measurelot_weight_uon) VALUES ('114', 'g', 'TRUE', '540', 'g');
INSERT INTO measurelot (gid, measurelot_weight_mainuon, measurelot_nweight_appr, measurelot_nweight_qty, measurelot_nweight_uon, measurelot_weight_appr, measurelot_weight_qty, measurelot_weight_uon) VALUES ('115', 'g', 'FALSE', '1', 'pc', 'FALSE', '500', 'g');
INSERT INTO measurelot (gid, measurelot_weight_mainuon, measurelot_weight_appr, measurelot_weight_qty, measurelot_weight_uon) VALUES ('116', 'g', 'TRUE', '460', 'g');
INSERT INTO measurelot (gid, measurelot_weight_mainuon, measurelot_weight_appr, measurelot_weight_qty, measurelot_weight_uon) VALUES ('117', 'g', 'TRUE', '550', 'g');
INSERT INTO measurelot (gid, measurelot_weight_mainuon, measurelot_weight_appr, measurelot_weight_qty, measurelot_weight_uon) VALUES ('118', 'g', 'TRUE', '590', 'g');
INSERT INTO measurelot (gid, measurelot_weight_mainuon, measurelot_weight_appr, measurelot_weight_qty, measurelot_weight_uon) VALUES ('119', 'g', 'TRUE', '530', 'g');
INSERT INTO measurelot (gid, measurelot_weight_mainuon, measurelot_weight_appr, measurelot_weight_qty, measurelot_weight_uon) VALUES ('120', 'g', 'TRUE', '650', 'g');
INSERT INTO measurelot (gid, measurelot_weight_mainuon, measurelot_weight_appr, measurelot_weight_qty, measurelot_weight_uon) VALUES ('121', 'g', 'TRUE', '600', 'g');
INSERT INTO measurelot (gid, measurelot_weight_mainuon, measurelot_nweight_appr, measurelot_nweight_qty, measurelot_nweight_uon, measurelot_weight_appr, measurelot_weight_qty, measurelot_weight_uon) VALUES ('122', 'g', 'FALSE', '1', 'pc', 'FALSE', '300', 'g');
INSERT INTO measurelot (gid, measurelot_weight_mainuon, measurelot_nweight_appr, measurelot_nweight_qty, measurelot_nweight_uon, measurelot_weight_appr, measurelot_weight_qty, measurelot_weight_uon) VALUES ('123', 'g', 'FALSE', '1', 'pc', 'FALSE', '400', 'g');
INSERT INTO measurelot (gid, measurelot_weight_mainuon, measurelot_nweight_appr, measurelot_nweight_qty, measurelot_nweight_uon, measurelot_weight_appr, measurelot_weight_qty, measurelot_weight_uon) VALUES ('124', 'g', 'FALSE', '1', 'pc', 'FALSE', '600', 'g');
INSERT INTO measurelot (gid, measurelot_weight_mainuon, measurelot_weight_appr, measurelot_weight_qty, measurelot_weight_uon) VALUES ('125', 'kg', 'TRUE', '1310', 'g');
INSERT INTO measurelot (gid, measurelot_weight_mainuon, measurelot_weight_appr, measurelot_weight_qty, measurelot_weight_uon) VALUES ('126', 'g', 'TRUE', '760', 'g');
INSERT INTO measurelot (gid, measurelot_weight_mainuon, measurelot_nweight_appr, measurelot_nweight_qty, measurelot_nweight_uon, measurelot_weight_appr, measurelot_weight_qty, measurelot_weight_uon) VALUES ('127', 'g', 'FALSE', '1', 'pc', 'FALSE', '250', 'g');

INSERT INTO filter_cheese (gid, cheese_moist_fract, cheese_blue, cheese_fat_fract, cheese_flavor) VALUES ('1', 'hard', 'FALSE', '55', 'sweet');
INSERT INTO filter_cheese (gid, cheese_moist_fract, cheese_blue, cheese_fat_fract, cheese_flavor) VALUES ('2', 'hard', 'FALSE', '50', 'sour');
INSERT INTO filter_cheese (gid, cheese_moist_fract, cheese_blue, cheese_fat_fract, cheese_flavor) VALUES ('3', 'semi', 'FALSE', '45', 'salty');
INSERT INTO filter_cheese (gid, cheese_moist_fract, cheese_blue, cheese_fat_fract, cheese_flavor) VALUES ('4', 'pickled', 'FALSE', '40', 'spicy');
INSERT INTO filter_cheese (gid, cheese_moist_fract, cheese_blue, cheese_fat_fract, cheese_flavor) VALUES ('5', 'semi', 'FALSE', '35', 'sweet');
INSERT INTO filter_cheese (gid, cheese_moist_fract, cheese_blue, cheese_fat_fract, cheese_flavor) VALUES ('6', 'semi', 'FALSE', '55', 'sour');
INSERT INTO filter_cheese (gid, cheese_moist_fract, cheese_blue, cheese_fat_fract, cheese_flavor) VALUES ('7', 'semi', 'FALSE', '50', 'salty');
INSERT INTO filter_cheese (gid, cheese_moist_fract, cheese_blue, cheese_fat_fract, cheese_flavor) VALUES ('8', 'hard', 'FALSE', '45', 'spicy');
INSERT INTO filter_cheese (gid, cheese_moist_fract, cheese_blue, cheese_fat_fract, cheese_flavor) VALUES ('9', 'semi', 'FALSE', '40', 'sweet');
INSERT INTO filter_cheese (gid, cheese_moist_fract, cheese_blue, cheese_fat_fract, cheese_flavor) VALUES ('10', 'hard', 'FALSE', '35', 'sour');
INSERT INTO filter_cheese (gid, cheese_moist_fract, cheese_blue, cheese_fat_fract, cheese_flavor) VALUES ('11', 'soft', 'FALSE', '55', 'salty');
INSERT INTO filter_cheese (gid, cheese_moist_fract, cheese_blue, cheese_fat_fract, cheese_flavor) VALUES ('12', 'soft', 'TRUE', '50', 'spicy');
INSERT INTO filter_cheese (gid, cheese_moist_fract, cheese_blue, cheese_fat_fract, cheese_flavor) VALUES ('13', 'soft', 'TRUE', '45', 'sweet');
INSERT INTO filter_cheese (gid, cheese_moist_fract, cheese_blue, cheese_fat_fract, cheese_flavor) VALUES ('14', 'other', 'FALSE', '40', 'sour');
INSERT INTO filter_cheese (gid, cheese_moist_fract, cheese_blue, cheese_fat_fract, cheese_flavor) VALUES ('15', 'soft', 'TRUE', '35', 'salty');
INSERT INTO filter_cheese (gid, cheese_moist_fract, cheese_blue, cheese_fat_fract, cheese_flavor) VALUES ('16', 'other', 'FALSE', '55', 'spicy');
INSERT INTO filter_cheese (gid, cheese_moist_fract, cheese_blue, cheese_fat_fract, cheese_flavor) VALUES ('17', 'processed', 'FALSE', '50', 'sweet');
INSERT INTO filter_cheese (gid, cheese_moist_fract, cheese_blue, cheese_fat_fract, cheese_flavor) VALUES ('18', 'semi', 'FALSE', '45', 'sour');
INSERT INTO filter_cheese (gid, cheese_moist_fract, cheese_blue, cheese_fat_fract, cheese_flavor) VALUES ('19', 'pickled', 'FALSE', '40', 'salty');
INSERT INTO filter_cheese (gid, cheese_moist_fract, cheese_blue, cheese_fat_fract, cheese_flavor) VALUES ('20', 'soft', 'TRUE', '35', 'spicy');
INSERT INTO filter_cheese (gid, cheese_moist_fract, cheese_blue, cheese_fat_fract, cheese_flavor) VALUES ('21', 'hard', 'FALSE', '55', 'sweet');
INSERT INTO filter_cheese (gid, cheese_moist_fract, cheese_blue, cheese_fat_fract, cheese_flavor) VALUES ('22', 'soft', 'FALSE', '50', 'sour');
INSERT INTO filter_cheese (gid, cheese_moist_fract, cheese_blue, cheese_fat_fract, cheese_flavor) VALUES ('23', 'semi', 'FALSE', '45', 'salty');
INSERT INTO filter_cheese (gid, cheese_moist_fract, cheese_blue, cheese_fat_fract, cheese_flavor) VALUES ('24', 'semi', 'FALSE', '40', 'spicy');
INSERT INTO filter_cheese (gid, cheese_moist_fract, cheese_blue, cheese_fat_fract, cheese_flavor) VALUES ('25', 'other', 'FALSE', '35', 'sweet');
INSERT INTO filter_cheese (gid, cheese_moist_fract, cheese_blue, cheese_fat_fract, cheese_flavor) VALUES ('26', 'other', 'FALSE', '55', 'sour');
INSERT INTO filter_cheese (gid, cheese_moist_fract, cheese_blue, cheese_fat_fract, cheese_flavor) VALUES ('27', 'semi', 'FALSE', '50', 'salty');
INSERT INTO filter_cheese (gid, cheese_moist_fract, cheese_blue, cheese_fat_fract, cheese_flavor) VALUES ('28', 'pickled', 'FALSE', '45', 'spicy');
INSERT INTO filter_cheese (gid, cheese_moist_fract, cheese_blue, cheese_fat_fract, cheese_flavor) VALUES ('29', 'soft', 'TRUE', '40', 'sweet');
INSERT INTO filter_cheese (gid, cheese_moist_fract, cheese_blue, cheese_fat_fract, cheese_flavor) VALUES ('30', 'hard', 'FALSE', '35', 'sour');

INSERT INTO filter_single_str (gid, single_class_str) VALUES ('31', 'coffee_beans');
INSERT INTO filter_single_str (gid, single_class_str) VALUES ('32', 'coffee_ground');
INSERT INTO filter_single_str (gid, single_class_str) VALUES ('33', 'coffee_beans');
INSERT INTO filter_single_str (gid, single_class_str) VALUES ('34', 'coffee_ground');
INSERT INTO filter_single_str (gid, single_class_str) VALUES ('35', 'coffee_capsule');
INSERT INTO filter_single_str (gid, single_class_str) VALUES ('36', 'coffee_ground');
INSERT INTO filter_single_str (gid, single_class_str) VALUES ('37', 'tea_green');
INSERT INTO filter_single_str (gid, single_class_str) VALUES ('38', 'coffee_instant');
INSERT INTO filter_single_str (gid, single_class_str) VALUES ('39', 'tea_black');
INSERT INTO filter_single_str (gid, single_class_str) VALUES ('40', 'tea_black');
INSERT INTO filter_single_str (gid, single_class_str) VALUES ('44', 'tea_black');
INSERT INTO filter_single_str (gid, single_class_str) VALUES ('51', 'tea_black');
INSERT INTO filter_single_str (gid, single_class_str) VALUES ('52', 'tea_black');
INSERT INTO filter_single_str (gid, single_class_str) VALUES ('54', 'tea_black');
INSERT INTO filter_single_str (gid, single_class_str) VALUES ('56', 'tea_green');
